entry_id,author,date,content,label
11186873,awen,07.09.2007 17:03,"canlı bir sehirdir istanbul.gece hayatı,gezmesi tozması,trafigi manasında demiyorum.canlıdır kendine has bir canı bir ruhu bir karakteri vardır. icinde tasıdıgı milyonlara sanki uzaktan bakar da gülümser ve der ki:

ben neler gördüm,neler yasadım,ne fırtınalar koptu kalbimde
ssavaşların en büyüklerini de,aşkların en güzellerini de içimde taşıdım.
siz kendi derdinizde bir o yana bir bu yana koştururken
bogazıma karşı kimi zaman çayınızı yudumlayıp keyif yaparken
kimi zaman rakınızı şerefime kaldırırken ben hep sizi izledim.
en cok bana yazdıgınız siirlerinizi sevdim ve o guzel sarkılarınızı sokaklarımda gezerken soylediginiz
bir de eskilerde haremler vardı .. unutamam hic..
simdi yeni cariyeleriniz ellerine su dökemez..
ne padişahlar ne krallar geçti ömrümden.
her biri kendisini sahibim sandı.
kalbimin en guzel yerlerine kurdular saraylarını ve tahtlarını
ve hepsini bana bırakıp gittiler.
simdi sizler aynı telas icinde ""ey istanbul!"" diyorsunuz,
""kim daha büyük görecegiz bakalım!""
bense dinleyip gülümsüyorum uzaktan
""yeni efendim hosgeldin"" diyorum icimden
""hosgeldin şimdilik,bakalım senin ""istanbul romanı"" n nasıl son bulacak...""

guzel sehir istanbul..baska bir sehir istanbul..",positive
9578926,she cries,23.05.2006 08:36,duman'ın en sahane konser parçasıdır. bu şehir cigarayı çeker dizesi ikinci tekrarda bu şehir esrarı çeker'e dönmektedir ancak bu sadece (bkz: bazı) bar konserlerinde vukuu bulur. onun dışında'eee' çeker diye söylenmektedir.,positive
3158693,lecagot,29.07.2003 00:48,"tam bir kaltak tir istanbul, babamin deyisi ile:

""her sabah bakire uyanir, gece ise hesabini veremiyecegi gunahlarla uyur""",negative
1319865,callisto,31.05.2002 00:20 ~ 25.03.2006 15:56,kimi cevrelerde tarifi olanaksiz guzellikteki kadinlari tasvir etmede kullanilan guzellik belirteci. soyle ki: istanbul gibi kadin,positive
6552900,wenge,25.12.2004 21:21,"tutkulu bir sevgili.
onunla da onsuz da yaşayamazsınız.
ya da bir can dostun dediği gibi her an keşfedilmeyi bekleyen yeni bir yönü olan kadın gibi.",positive
3602020,roxane,20.11.2003 16:12,sanki şehrimde savaş yaşanıyor ve biz buna rağmen hayatlarımızı devam ettirmeye çabalıyoruz.,negative
10177805,jimi the kewl,20.10.2006 13:40,"ağrılı şehir.
http://www.youtube.com/watch?v=rzryuqab6ci (attila ilhan - istanbul ağrısı)",negative
8302490,atlantis,03.10.2005 07:49,"sakar bir cevher . geleni kucaklar, sonra da küstürür.
(bkz: cevher tokatı)",negative
5130078,meaculpa,24.07.2004 18:24,"bu sehri sevmek bi keyif, daha önce onu tanimaya firsat bulamamis bi sevdigine göstermek ayri keyif.. keyiften de öte bir cosku.. karmasik ruh halleri icerisinde neresinden baslasam nerde bitirsem diye haftalarca kafayi yorabilecegini sadece kendi favori yerlerini bile göstermenin 3 gününü alacagini bildigin; ayrica gezdirmekle hükümlü oldugun kisinin senin kalbindeki yerine göre elbette farkliliklar gösterecek bir rota cizmek sonra onu uygulamak; gittiginiz her yeni yer hakkinda tarihsel ve güncel bilgiler aktarmak, onun yüzünde memnuniyet cizgileri yakalamaya calismak.. hepsi büyük keyifler.. ahhahhh...",positive
8066004,gabbiano,23.08.2005 15:47,"bir ziya osman saba siiri...

seni görüyorum yine istanbul,
gözlerimle kucaklar gibi, uzaktan.
minare minare, ev ev,
yol, meydan.

geliyor boğaziçi'nden doğru
bu iskeleden kalkan vapurun sesi,
mavi sular üstünde yine
bembeyaz kızkulesi.

bir yanda, serin sabahlarla beraber,
doğduğum kıyılar: beşiktaşım
baktıkça hep semt semt, yer yer,
beş yaşım, onbeş yaşım, ah yirmi yaşım!

durmuş bir tepende okuduğum mektep,
askerlik ettiğim kışladır ötesi.
bir gün, bir kızını benim eden
evlendirme dairesi.

benim de sayılmaz mı oralar?
elini tutar gibi iki yanımdan,
babamın yattığı küçüksu,
anamın toprağı eyüpsultan.

önümde, açık kollarıyla boğaz,
çengelköy'den aktarma rumelihisarı.
istanbul, istanbul'um benim,
kadıköy'ü üsküdar'ı...

gün olur, köprü ortasında durur,
anarım, adalarda çamların uykusunu.
gün olur, beyoğlu'nu özler içim,
koklamak isterim tünelin kokusunu.

bulut geçer üstünden,
gemi gelir yanaşır
bir eski türküdür, kulağıma fısıldar:
''içi dolu çamaşır''.

göğünde tanıdım ayın ondördünü.
kırlarında bilirim baharı,
her şey, içimde her şey,
istanbul yadigarı.

bir daha görüyorum seni dünya gözüyle,
göğün hep üstümde, havan ciğerlerimdedir.
ey doğup yaşadığım yerde her taşını
öpüp başımı koymak istediğim şehir!",positive
6151469,cybill,27.10.2004 13:24,(bkz: hastayım sana),positive
6794465,segovia,02.02.2005 07:50,"havaalinina dogru seyrederken sanki en guzel kiyafetini giymis bir kadin gibi ugurlamistir beni. gerdanina incilerini giymis, muthis bir mehtap la beni ozleyeceksin unutma demistir, yanagimdan gozyaslarim suzulmustur...bogazicini o gece hic gormedigim kadar buyuleyici gormusumdur...biliyordum zaten seninle aramizda ozel bir iliski oldugunu...sen ki kadikoy vapurlarinin kic guvertesinde seni her seyredisimde bana sarkilar soyleten bir kadinsin, sen ki beni mart sogugunda bogaz tepelerine, vapur guvertelerine tasiyan sehirsin...alti ay bir anda geciverdi iste...sana dokunmayi, iyotlu kokunu ve seyre doyulmaz guzelligini ozledim...yakinda geliyorum guzelim...bulusacagiz kismetse...",positive
11091067,krizkris,01.08.2007 23:02,gümüş renginin çok yakıştığı şehir.,positive
9831420,wassolldenndas,21.07.2006 23:25 ~ 23:30,"hep yenildiğim şehir. üç hafta sonra gene geliyorum ve bu sefer 1 - 0 öndeyim, puştun evladı!",negative
6548129,sarenalaja,24.12.2004 23:55,"bir garip atlı sefere gider
nalların sesi kulaklarda, rüzgarın sızısı dudaklarda, yalnızlığın acısı yüreklerde
arkada kalan bir güzel
arkada kalan bir rüya
bir destan,
tarihin kendisi
tüm zamanların en güzel kadını
nazı naz değil.......
işveli mi işveli..

bir garip atlı yollarda
kuru bir çölün ortasında
tuzlarını özler boğazın ve martılarını
bir de hanım hanımcık kokularını
tüm zamanların en güzel kokusu
özgürlüğün kokusu
aidiyetin kokusu

bir garip atlı kollarda
sıcak sıcacık
kalbinin kokusu ve sıcaklığı...
bilmediği yaban bir kadının
zarif ama garip
masum gibi
masum..
dünyanın en masum zamanı",positive
5872682,incarnate,27.09.2004 21:35 ~ 21:36,üsküdar'dan beşiktaş'a doğru geçerken güzelliğiyle beni her sabah uyandıran şehir.,positive
10838368,gxl,07.05.2007 23:48 ~ 23:49,"bir mayıs gecesi, bu entry'nin girildiği saatlerde, nispeten yüksek, normalde şehre göre 2-3 derece daha serin olan bir semtinde dahi termometrelerin 19 dereceyi göstermekte oldukları şehir. önümüzdeki yaz, ürkütüyor.",negative
9526779,pandoraninkutusu,11.05.2006 23:36,"davetsiz misafirlerin şehridir.kimseye gel demez,deme ihtiyacı hisssetmez belki de.yolların birgün kendisine çıkacağının farkındadır.'bir çay içip kalkacaktım' diyenlerin kenti olur ansızın.",positive
11047959,arista,19.07.2007 01:30 ~ 01:33,amerika’nın çok satan seyahat dergisi travel and leisure tarafından floransa ve roma dan sonra avrupanın en iyi üçüncü şehri seçilmiş.,positive
4546181,vicikvicik,02.06.2004 13:52,paris yaninda halt etmis dedirten rüya gibi bir kent,positive
7651431,arundati,07.06.2005 00:26,"istanbul ile ilgili istekler:
- bogaz koprusunde arabalarin gittigi kismin ustune yuruyus ve bisiklet yolu eklensin (bkz: brooklyn bridge)
- opera onur pasaji sanat galerisine donusturulsun (bkz: guggenheim)
- carpik yapilasmis semtler yikilip (bkz: oha diyorum) yerine devasa parklar yapilsin, en az bir adet asya bir adet de avrupa yakasi na olmak kaydiyla (bkz: hyde park) (bkz: central park)
- burunda tutmesi yasaklansin (bkz: sniff) (bkz: sniff)",positive
9990864,fiore,01.09.2006 18:08 ~ 18:08,"hayatınız boyunca uzak kalmadiginiz kadar uzak kaldiktan sonraki her geri donusunuzde sizi aynı sekilde trafigiyle karsilayan, devamli degisir gorunumunde ama aslinda hic de degismeyen sehir.",negative
10665812,purp,15.03.2007 07:20,"bu şehrin tarih i, tarih inin tarih boyunca nasıl tarih e gömüldüğü üzerinedir.",negative
10693559,ulku,24.03.2007 12:49,"zararlari bilindigi halde keyif alınması, vazgecilmez olması sebebiyle bir turlu bırakılamayan sigara gibi butceye bunyeye zarar sehir.
(bkz: iciyorsam sebebi var)",negative
6812530,hassan,06.02.2005 02:57,"bir kere daha göstermiştir ki, kar yağdığında daha bir dadindan yinmez şehre dönüşmektedir. beyaz çok yakışmaktadır kendisine.. çook..",positive
5973712,zencefil,07.10.2004 12:25,"istanbulun ağzına sıçan sanıldığı gibi yağmur değildir, altyapı sorunudur, vurdumduymazlıktır, bilinçsizliktir. bu da istanbulun sorunu değildir.",negative
9987277,superstar,31.08.2006 21:39 ~ 21:40,"kimseyle polemiğe girmeyen ama insanların sürekli polemiğe girmeye çalıştığı şehir. belli zamanlara, belli mekanlara özel/kutsal anlamlar yüklemek ilkel toplumların işiydi hatırladığım kadarıyla. istanbul benim için, eşsiz doğası, iklimi ve kültürel yapısı, geniş sosyal olanakları ile ruhumu gözümü, iş merkezi olmasıyla da karnımı doyurduğum şehir. onun dışında bana bir iyiliği ve kötülüğü yok. yorucu ve zordur eed, özellikle sonradan yerleşenler için ama bir kere sisteminizi istanbul'a göre kurmuşsanız da başka yerler yavan gelir. diğer büyük metropollerden ayrılan tarafı insani tarafının hala güçlü olmasıdır.",positive
9168962,spider from mars,22.02.2006 12:56 ~ 02.09.2006 03:40,"""soyağaçları burada kök salıp, dal budak vermediği halde, ömürlerinin bir safhasında yolu bu şehre düşenler için epi topu iki seçenek vardı: istanbul'a ya bir şeylerden kaçarak varılır, ya da gün gelir, ondan kaçılırdı"" (bit palas, elif şafak)",negative
1423409,spinapubica,11.07.2002 15:10 ~ 15:16,"sen gideceksin..
arkandan ağlayacak istanbul.
sensizliğe ağlayacak. yokluğuna...
geri dönmen için yalvaracak toprak, yolunu kesecek rüzgar..
gözyaşları sel olacak martıların.
simitsiz kalmıcaklar ama sensiz kalacaklar.
vapurlar bile şaşıracak ne yapacağını.
hayat zaten tuhaf...vapurlar felan..
sen gidince istanbul ağlayacak ardından.

geceyi yırtarcasına vınlarken 747'nin türbin sesi,
istanbul iç çekecek ardından.
sessizliğe, sensizliğe iç çekecek.
istanbul..ve sen...
istan..bul??
ama sen git ...
şoku atlatır istanbul.. senin için mutlu da olacak merak etme.
kazanan sensin çünkü...
sen istanbul'sun ayrıca...
kazanan istanbul...
ağla istanbul...",negative
6417243,perihan magden,02.12.2004 22:18 ~ 22:19,t oo manin vokal yaptigini ogrenince dinlemekten haz alamadigim sarki. (bkz: teomanin laneti),negative
10015322,deadbeat,07.09.2006 23:28,bir kultur shock şarkısı.,negative
10615886,meritamon,26.02.2007 16:25 ~ 16:27,"hayatın daha iyi olabileceği az çok bilindiği halde o hayata başlamayı göze alamamanın bir sebebi. başka bir şehre gidilebilir, her yere her şeye alışılır ama geride bırakacağının istanbul olduğunu düşününce insan bir daha düşünür, sonra bir daha düşünür.",negative
3371934,overflow,23.09.2003 22:48,boğaz köprüsünden her geçişimde -evet burası dunyanın en güzel şehri- dedirten fakat düzensiz sokaklarında ve insanı çıldırtan karmaşasında gizli bır büyü saklayan ve anlaşılmaz bir şekilde insanı kendine bağlayan efsunlu şehir ...gun batımında koprüden veya vapurdan yakalıyacağınız şehir silueti kesinlikle sizi saracak ve bırakmayacak bir büyünün ilk etkisidir...,positive
7764624,luis alberto,26.06.2005 22:07,"bu ülkenin gözbebeği olan şehir. istanbul, o kadar acayip bir şehir ki içinde yaşayanların hala gidip görmediği, bilmediği bir çok güzelliği barındıran, adına onlarca şarkı yapılan, görüp görülebilecek en güzel silüetleri bünyesinde barındıran, tanımlayamadığım duyguları bana yaşatan şehir istanbul. birçok imparatorluğa başkentlik yapmış kaç şehir var şu dünyada. neler görmüş, neler geçirmiş. o toprakların bir dili olsa da anlatsa. ah istanbul ah. bazen acıları da yaşatıyorsun bünyelere, nefret edip terketmek geliyor içimden. ama olmuyor. tarifi imkansız bir çekimi var istanbul'un, istanbul da yaşayan her insanla. aşkların en acısını da yaşatıyorsun bizlere. avni anıl oluyor kimi zaman bu acıyı yaşayan. üstad, bu akşam bütün meyhanelerini dolaştım istanbulun diyor ve susup dinlemek düşüyor bize. kimi zaman da orhan veli oluyor ve dizelere döküyor seni. sen başkasın.",positive
11263744,berkayeas,11.10.2007 00:14,"ödülü ceza bu şehrin,
yaşattığı sevinç ise aslında hüzün.

ah istanbul...
kalbimi sende bıraktım ama,
ankaralı aklım bir türlü razı olmuyor buna.",negative
11447284,zoka,06.11.2007 12:10,kadıköy - beşiktaş vapurudur istanbul.,positive
1423397,karaktersiz,11.07.2002 15:03,"""dunya'nin ba$kenti"" tanimlamasina sahip $ehir.",positive
11160357,edoras,28.08.2007 11:58,"ilk aşk albümünden bir ezginin günlüğü şarkısı..

istanbul istanbul dedim sana geldim
istanbul istanbul geldim de ne buldum

anam ayırmazdı benden gözünü
söylemişti dinlemedim sözünü
yıllardır unuttum artık yüzünü
beni ne dertlere saldın istanbul
beni ne dertlere saldın istanbul

bir ateş buldum, yandım yakıldım
esti geçti rüzgarına kapıldım
bir o yana, bir bu yana yıkıldım
hayallerim vardı çaldın istanbul
ne ümitle geldim, ama ne buldum
hani taş toprağın altın istanbul

istanbul istanbul dedim de geldim
bu koca şehirde ben yalnız kaldım
bir o yana, bir bu yana yıkıldım
hayallerim vardı çaldın istanbul
ne ümitle geldim, ama ne buldum
hani taş toprağın altın istanbul

istanbul istanbul diye özendim
beyaz mermerlere yattım uzandım (bkz: istanbul'un mermer taşları) (bkz: başıma da konuyor konuyor aman martı kuşları)
çalış çalış üç-beş kuruş kazandım
onu da elimden aldın istanbul
çalış çalış üç-beş kuruş kazandım
beni ne dertlere saldın istanbul

bir o yana, bir bu yana yıkıldım
hayallerim vardı çaldın istanbul
ne ümitle geldim, ama ne buldum
hani taş toprağın altın istanbul",negative
10002597,wednesday,05.09.2006 00:48,1600'lerden 1750'lere kadar avrupa'nın en kalabalık şehri olmuş.,positive
5741756,hayalettin,16.09.2004 10:25 ~ 10:33,"türkiye'nin gayrıresmi başkenti.

bir istanbul'lu olarak, ülkenin gerçek başkentine taşınıca, bunun ne kadar korkunç bir durum olduğunu fark ettiğim şehir. ne yazık ki istanbul, avrupa-başkent-metropol-tek kent-ülkenin merkezi olarak görüldüğü için diğer tüm şehirler ihmal ediliyor. sanki tek kent istanbul'muşçasına, gazeteler istanbul haberlerinden ve istanbul'daki etkinliklerden geçilmiyor...",negative
10734724,edoras,07.04.2007 13:25 ~ 13:29,"her ne kadar kendisine o kadar yakıştırdığım beyazları bu sene bürünmediği için kendisine azıcık kırılmış olsam da, bahar ın gelişiyle her tarafına rengarenk laleleri takıp takıştırdığı için kalbimi geri kazanmış olan güzel im.

seyretmeye doyum olmuyor, enfes bir şey kendisi.",positive
9093675,breath,08.02.2006 12:13,"her ani surpriz her ani farkli. hava acikken trafikten kelli kan kusturan bu canim $ehirde $u gunlerde insanlar dua etmekte, kar yagsa da yollar tenha olsa diyerekten.ilginctir.",negative
6948932,raistlin11,24.02.2005 00:11,"herseferinde sevdigime yasanmaz dedigim, guvensiz dedigim ama her gittigimde tekrar asik oldugum sehir. her sabah bogaza karsi bi simit cay keyfi yapayim baska bisey istemem bu dunyada dedirten tek sehir.",positive
7604898,luzumsuzadam,30.05.2005 19:00,özenilen şehir..,positive
6423931,annem bana kiz bul evlen dedi,03.12.2004 22:27 ~ 22:28,"altında başka bir dünya da var.
(bkz: istanbul dehlizleri)",positive
429512,sari,02.06.2001 05:48,"en yaklaşan tasfiri, tek bir martının siyah-beyaz bir fotoğrafıdır...",negative
9413739,seagullineskisehir,16.04.2006 15:22,insanın vahdetten kesrete yani varlıktan yokluğa düşüşü ile başlayan iç sızısı gibi hep yağmurlu hep hüzünlü kendisinden kurtulup hep varlığa geri dönmek istediğim şehir. gemileri uzakta bir fotoğraf. kaşıkla verdiğini kepçeyle geri almış karaköy sahilinde üşüdüğüm kadar soğuk saldırgan vahşi güzel. her yanıma batan akşamlarıyla güzel olsa ne olur? leb_i derya'daki akşamüstü belki de en zararsızlarından biridir. anlıyorum ki hala alacaklı hala muhteris bir kadın.,negative
11524100,gochebe,08.11.2007 21:18 ~ 22.11.2007 23:00,"otobüs haremden esenlere doğru hareket etmeye başlarken bir anlığına gözlerimi açmayı başarıp da pencereden dışarı baktığımda, lacivert denizin ötesinde ayasofyanın kubbelerinin hemen üzerine dolunayın asılı olduğu o enfes anı gördüm. istanbula yerleşmek için geldiğim yolculuğun sonlarına yaklaşmıştım. içimde uyanan o heyecan ve karşımdaki o fotoğraf ömrümün sonuna kadar hafızamın derinliklerinde saklı kalacak anlardan biri oldu sanırım.

şimdi, o andan yaklaşık iki ay sonra, her sabah onlarca çalışan insanla beraber balık istifi işlerimize taşındığımız otobüslerde, aklımda hep aynı soru, bir duvar saatinin tik-tak ritmi ile dolanıp duruyor:
""tutunabilecek miyim, yoksa yine göç mü...""
(bkz: only time)",negative
8858460,cohiba,03.01.2006 21:11,"global sermayenin cirit attigi, sairlerin bir donem ugruna siirler yazdigi fallik yapilar kenti.",negative
6315782,duman solumak istiyordum,18.11.2004 14:02,"kalabalığında kaybolma lüksünü bünyelerden gizleyen, her daim koynuna çağırıp hiç kimseyle sevişmeyen, belki fahişe ama dudaklarından öptürmeyen, barındırmayan, beslemeyen, büyütmeyen, uyutmayan ve en önemlisi beni hiç sevmeyen şehir..
iki yakası kavuşmayanların, bezmişlerin, sarhoşların, nerede uyuyacağını bilmeden uyananların şehri..",negative
11228854,atlantis,25.09.2007 02:43,"kendisinden uzun süre uzaklaşılınca iyice şımaran şehir. trafiğiyle, halkıyla...",negative
6677085,cnbce,14.01.2005 14:00,"bir kaç gündür sisler içinde bir başka güzelleşen kent.

ne sevebilirsin onu, ne de ondan vazgeçebilecek cesaretin vardır",negative
4386189,adalita,24.05.2004 23:50,ağlarken aşık olduğum şehir.ankaradan kaçıp kucağına koştuğum şehir.,positive
9787555,calibra,11.07.2006 01:48 ~ 12.07.2006 12:44,"boğaziçi köprüsü'nde bir vatandaş intihar etmeye kalkıştığında, kadıköy'den merter'e, levent'ten beşiktaş'a kadar trafiği sıkışabilen bir şehir.",negative
8819892,pilachka,29.12.2005 03:09,"kendisinden korkan istemsiz şehir.
korkutan diyar.
ilk tercih ya da son umut, başka bir şey değil.",negative
10123520,pati,06.10.2006 16:10 ~ 13.10.2006 14:38,"köprüyle boğazı iki renge bölmektir istanbul... sağınızda deniz başka solunuzda başka bir renktir. ""hangi taraf daha güzel bugün, sağ mı sol mu?"" sorusudur. ""martı olsan köprünün üstünden mi altından mı geçerdin?"" sorusudur. ""bu akşam ne yapalım?"" sorusudur herkes'inizi sınırlarında barındırdığından.
bir sabah içinizde ""vapur düdükleri duyuluyormuş"" cümlesiyle uyanmaktır. başka bir sabah üsküdar vapuruna indikten sonra denize doğru inen sokağından evinizin denizin uçuk yeşile bulanmış mavisinde yüzünüze esen rüzgardır- lodos, poyraz, karayel fark etmez-.. aynı anda birden duyulan çatal bıçak sesleridir ramazanda.. yolda yürürken alelacele ortalığa kurulmuş sofralarına davet etmesidir yabancıların..
vapur düdükleridir, martı tüyleridir uçuşan...
her yeni gün yeni bir güçle gülümsemektir hayata...",positive
8876721,yumusakca,06.01.2006 06:18,"canim sevgilimi alip, parildayan gozlerini soldurup, birsuru sahte insanla tanismasina ve hayattan umudunu kesmesine sebep olan egzoslu pis sehir cop adeta.
bir dakika sonra nolcagi belli olmaz, herkesin acelesi vardir, segmenler i yoktur. aman allahtan ankara'ya donusu var da rahatiz.

bu sehirde yasayan kimin hala huzuru var bana bi onu soyleyin ondan sonra bu entiri kotulensin.",negative
10046321,atlantis,16.09.2006 00:28,"her ona dönüşümde beni hasta eden bir kentimizdir.
(bkz: ben sana nah dönerim)",negative
6834157,trawmatolog,09.02.2005 23:07,"http://siir.roots.gen.tr/…iirgoster.html?siir=57877

adresinde kendisini pek bir guzel anlatan $ehir.",positive
8668951,sarenalaja,09.12.2005 22:05,"bir gece tek başıma tel tel kadayıf sokaklarında
kokusunu denizlerinden alan
şarkılarını martıların söylediği
ara ara
dar dar sokaklarında aradım istanbul'u

kaybolduğum
daha bir çocukken merak ettiğim
sokak kadınlarının aslında hiç olmadığı
bir garip yalancı şehir
hiç denizcisi olmayan
orospuların halay çektiği
balıkların nefesalmadan yaşadığı
gariplerin şehri
bir kazık çakmışım yalnızlık sokağına
ne gelenim var ne de giden
ortasındayım kalabalığın oysa
bekliyorum
ne zamanım var beklemeye
ne de sebebim
keyfim yok çok zamandır
düşünüyorum alkollü gecelerde
güneşimin olmadığındandır
bir garip şehir
yağmurlu havasında güneş var
karlı havası da bir başka
bir martı simidimi kaptı
şarkı söylüyor",negative
3942204,calibra,04.03.2004 18:43 ~ 18:45,"gitgide kültürel zenginliğini, büyük ve cazip şehir olma sıfatının getirileri ile kaybeden güzel şehrimiz, birtanemiz... hızla artan nüfus, dinmek bilmeyen göç dalgası, çarpık kentleşme, zamanında varoş semt diye nitelendirilen yerlerin milyona dayanan nüfuslarla ilçe olması; tarihle bezenmiş o güzel dokuyu günden güne bozmakla beraber, istanbul lular için yaşanacak bir yer olmaktan çıkartmakta kentimizi... taşı toprağı altın değerini çoktan yitirmesine rağmen, çaresiz kalanların kendini kurtarma çabasının bir numaralı yardımcısı olma özelliğinden bir şey kaybetmedi istanbul... oyunu kuralına göre oynayanlar için hala vazgeçilmez bir kaynak, bu keşmekeş içinde yaşamaya çalışanlar içinse hala sağlam kalmış güzellikleriyle, boğaz ıyla bir güzellik şehri... inanılmayacak kadar büyük, her deliği insanla dolu, her çeşit insanın görülebileceği bir megapol ...",negative
11282866,standard,21.10.2007 10:13,trafigi uc tane sehirden baslayan tek sehirdir muhtemelen.,negative
7539981,cervantes1614,19.05.2005 23:43,"""fatih'te mevlüt varken
beyoğlu'nda sütyensizdir kadınlar""

(bkz: sadri alışık)",negative
1452701,queasiness,21.07.2002 17:39,bir tür özgürlüğe uzanış gibi hayali dikilir gözlerimin önüne. bir kez havasını soluyan kişiye başka hiç bir havadan haz aldırmayan şarap gibi şehir. bu kadar güzel olmasaydı 80 kişinin 3 günlük gezi için 130 milyon ödemesi ancak enayilikle açıklanırdı,negative
4297013,terpsichore,21.05.2004 20:24 ~ 20:27,"hergun kopruden gecerken insana kucaklama hissi veren, hele erguvanlar da acinca seyrine doyulmayan sehir.",positive
4118914,sprintpcs,24.04.2004 02:05,(bkz: istanbul ve orhan pamuk),positive
79737,michelle,01.01.2000 18:05,"donem donem ""bu sehri cok seviyorum, cunku icinde sen varsin"" dedirten sehir...",positive
3601330,bayatis,20.11.2003 13:30,(bkz: istanbuldaki patlamalar),negative
2879770,wounded walker,29.05.2003 01:11 ~ 29.07.2003 01:07,"alışılıyormuş evet, eksile eskiye...hem içinde en yalnız hissedilen hem de en sevilen olmayı başarabiliyor bu şehir, hem yutuyor hem hayran bırakıyor kendine, manyakça...alışılıyormuş evet.",positive
47341,horni,09.10.1999,yutar insani,negative
5687486,jackalkarakule,11.09.2004 13:06,"sevdiğim sen de sevenim sen de,sevgimden ve sevenimden dolayı seni herkesten çok sevdim istanbul",positive
11368995,martha,04.11.2007 23:03,"kendisinden uzaktayken; fotoğraflarda, kartpostallarda, kitaplarda, mektuplarda yaşatılmaya çalışıldığında dünyanın en güzel yeri olabilen şehir. tilkiyseniz ve geri döndüyseniz trafiğiyle, kirliliğiyle, suç potansiyeliyle, alt yapı sorunlarıyla, gürültüsüyle, kalabalıklığıyla yeniden karşılaşıp ormanınızı özlersiniz, avcınıza küfredersiniz. (insanı küfürbaz yapar bi de bu)",negative
7510739,tuile,15.05.2005 14:17,"bağımlılık yapan şehir, vücut, organizma.. öyle bir yerdir ki, hem nefret eder, hem aşık olursunuz. boğaz'dan her geçişinizde ""dünyanın başka yerine yaşayamazdım lan"" der, pisliğine, bin bir türlü oyunlarına tanık olduğunuzda ise tevfik fikret'in şiirini yeniden yazasınız geldiğini düşünür, ama yine de bırakamazsınız. hele o'na bir kere tam anlamıyla alışan insanın türkiye'nin başka bir yerini güzel bulması imkansıza yakındır; başka nerede beyoğlu'na, istiklal caddesi'ne çıkar, her tipten insanla karşılaşır, kapkaç korkunuzdan çantanıza göz muamelesi yapmak zorunda kalır, tramvay yolunda yürürken istiklal müziği haline gelmiş abuk sabuk melodileri dinler, en sonunda karaköy'e ulaşır, başka bir dünyanın içine girersiniz? bir yanda sinagog, biraz ileride kilise, azıcık ötenizde de bir camiiyi görebileceğiniz tezatlar şehridir istanbul. uğruna ne kanlar dökülmüş, güzelliğine ne iltifatlar düzülmüş, ne şarkılar, nice şiirler, hikayeler yazılmıştır. canlıdır istanbul, gecenin bir yarısında da, günün ortasında da nefes aldığını hissedersiniz. şehirden farklı bir şeydir o, bir şereftir gerçek bir istanbullu olmak..",positive
8865293,kolera,04.01.2006 18:47,"on beş milyonluk yalnızlık, 5.220 kilometre karelik klostrofobi",negative
8489100,sheba and the albino girls,06.11.2005 20:27,"yirmibirinci yüzyıl da, avrupa ve asya kıtalarının buluştuğu bir noktada, insanların büyük bir bölümünün kabile ler halinde yaşadığı şehirdir.

modern insan ülkesinde kamu düzeni içerisinde yaşar. kamu düzeni, güvenlik, bayındırlık, sağlık, eğitim,ulaşım, finansman vb. gibi bir çok yasanın devlet eliyle uygulandığı bir sistemdir. istanbul gibi zamanında önemsenmemiş ve günümüzde de kontrol altına alınamamış yoğun nüfusun bir araya geldiği büyük şehirlerde, kamu düzeninin zafiyete uğraması da kaçınılmaz olmuştur. insanlar bu gibi bir şehirde yaşamlarını devam ettirebilmek için, toplumdan parça parça ayrılarak ve ilkel kabilelerdeki gibi bir arada yaşayarak, kamu düzenindeki eksikleri gidermeye çalışıp kendi düzenlerini kurmaya çalışmışlardır. bu modern kabile düzenlerinden birini ve en büyüğünü biz hemşehricilik olarak biliyoruz. sivaslı, erzurumlu, rizeli, bayburtlu, diyarbakırlı, gibi hemşehriler kendi kabilelerini kurup; bir arada aynı mahallelerde veya semtlerde yaşamaya başlamışlardır.

devletin zafiyetini, kabile reisi görevini üstlenen hatırlı zengin kişiler, ağalar veya mafya babaları üstlenmiştir. kabilenin hem ortak, hem de bireysel ihtiyaçları, içeriden karşılanmaya çalışılır. kabile üyelerinin güveliği yine, kabile üyeleri tarafından sağlanır. örneğin, kabilenin yaşadığı mahallede dolaşan yabancı kimlikli kişiler hemen tespit edilir. gerekirse bu yabancılara ne aradıklarını veya ne işle iştigal ettiklerini -anlamasalar bile- en küçük detayına kadar, yabancıyı kuşkulandırmayacak derece sakin ve dost canlısı, aynı zamanda yabancıya adımlarını düzgün atması için uyarıda bulunan bir tavırla sorarlar. yabancılar hakkındaki bilgiler kulaktan kulağa bütün mahalleye yayılır. bunun gibi her alanda kendi içlerinde, dışarıya kapalı bir düzen içerisinde dayanışma içerisindedirler. en önemli dayanışma da ekonomik alanda karşımıza çıkar. buna şu şekilde örnek verilebilir. istanbul’da kapıcılar sivaslı, pazarcılar siirtli, hamamcılar tokatlı, lokantacılar rizeli, fırıncılar trabzonlu vb. dir.

bu kabile yaşantısının bir kanıtı da şöyledir. istanbul’da seksen civarında ilçe ve belde belediyesi bulunmaktadır. bu belediyelerin her biri, aylık faaliyet dergisi yayınlar. dergilerin sonunda –belediyenin büyüklüğüne göre- elli civarında belediye meclisi üyesinin bilgileri ve resimleri vardır. tamamında düzenleme şu şekildedir: meclis üyesinin ismi, mesleği ve memleketi. o belediyede bulunan hemşehrilerini temsil eden meclis üyelerinin memleketleri iftiharla yayınlanmaktadır. gariptir ki hiç istanbullu ankaralı, bursalı, izmirli, adanalı, antalyalı yoktur. bir başka deyişle kabile yaşantısı yerel yönetimler tarafından da desteklenmektedir.

istanbul’da, bir kabileye girmeden yaşamak zordur. kişinin hem ekonomik, hem de sosyal açıdan, sadece bir birey olarak güçlü olması gerekir. insanlar bu baskıyı az da olsa azaltmak adına, çeşitli sosyal gruplara, derneklere, klüplere vb. üye olurlar. diğer bir deyişle, bir kabileye dahil olurlar.",negative
9903737,6degreesunder,10.08.2006 09:09 ~ 09:18,"ta$ini topragini kazsan metro cikan $ehir.

(bkz: taksim metrosunun sondajla delinmesi)",positive
3748657,brainworm,02.01.2004 19:55 ~ 19:56,"lise din hocasını salladığı eski adıyla: islambol...

(bkz: hasiktir lan)",negative
3601399,putperest,20.11.2003 13:40 ~ 13:41,facasina iki cizik daha atilan sehir ama hala güzel.,positive
10946798,psikologunuz,13.06.2007 08:36 ~ 08:46,"500 küsur yıllık saltanat geçmişine aynı hızla devam eden, geri kalan 80 küsur ili gerçekte hiçe sayan ekonomik, kültürel ve siyasi anlamda tek başına bir ülke gibi davranan, bir koca 75 milyonun kaderini belirleyen bir milyona yakın tuzu kuru'nun yaşadığı, sahip olduğu görkemi ve ihtişamı 600 küsur yıllık kan, şiddet ve sömürü den alan şehir. anadolu denen coğrafya da kimi zaman acı nın, kin in ve nefret in, kimi zaman asılsız bir umudun ve iyimserliğin kaynağı olmuş ve halen olmakta olan şehir. düşünerek sevilemeyecek bir şehr-i baha.",negative
1169279,goldenwand,06.04.2002 16:36,vapur la her karşıya geçişimde aşık olduğum şehrim.,positive
5387075,cuss,13.08.2004 22:48,insanı yöneten koca şehir,negative
1072022,contradiction,01.03.2002 12:53,"ozlem kokan tek sehir....
balik ekmek'de olabilir tabiiiii",positive
11671912,dik dusmus bozuk para,16.11.2007 08:16 ~ 08:17,"bugün gece saatlerinde bodrum mantıda feraye yedikten sonra deniz kenarındaki banklara oturup sigaramı yaktığımda, ne kadar yorum yapılsa da güzelliğinin kelimelerle anlatılamayacağını anladığım şehir.",positive
11577092,bonussssimo,11.11.2007 11:39,en kalabalık ve en güzelve en pahalı şehirdir. bütün cillop üniversiteler bu şehirde bulunmaktadır. gece hayatı da güzeldir.,positive
5324534,turcopolis,09.08.2004 09:21,"nefret edip de cok sevdigim
baysam da sikilsam da gormeden edemeyecegim
ne var ki burda deyip de dunyanin kralicesi oldugunu gordugum
melankoli, ask,nese,eglence,huzun vb. kavramlarin hepsini birlestirebilen,iki kita uzerinde kurulmus dunyanin tek gercek sehri.",positive
9120681,ilahi adalet,13.02.2006 00:41,(bkz: kırmızı),positive
2714200,zvezda,24.04.2003 21:32,"efsaneler şehri, sevdicek şehir.. giderken kopmak istenmeyen, gidince özlenen,dönerken lanet edilen,dönünce havası cigerlere cekilen..",positive
5974386,papalina tava,07.10.2004 13:36,bir yağmurluk medeniyet...,negative
6527649,yalniz bir opera,20.12.2004 19:12 ~ 25.06.2007 18:32,"""kendimi atesli düslerde
büyülü uykularda ararken
gördüm ki;
yüregim istanbul
bedenim bahçesaray (bkz: van'in ilçesi) """,positive
1644487,justhink,02.10.2002 02:27 ~ 06.10.2002 21:52,"beni günden güne yiyip bitiren, monoton luğuyla üzen şehir. gidecek yer bulamamanın sıkıntısını yaşayıp, gene de her yurtdışı na çıkışımda özlediğim, şimdilerde kavgalı olduğum şehir, yeni sevgilimse ankara ama ona da bir türlü doyamadım. tabii ki hayatta herşey arz-talep meselesi ancak, bana bir türlü talep ettiğim doğallığı, samimiyet i sunamayan şehir. üstelik bütün bunları cihangir'de oturan uzun yıllar ona sadık kalmış bu kuluna söyleten şehir.
(bkz: ağlamak istiyorum)",negative
11395275,mucca,05.11.2007 12:01,"siyah ile beyazin birlikte yasadigi sehirdir. rengi gridir. karsitliklarin birarada yasadigi tarihdir. sehrin kalabalikliginin verdigi karmasa ile manzaranin verdigi huzur, dev is merkezlerinin yaninda tarihi yapilar..hem korkutuyor hem de cabucak icine aliveriyor insani bu sehir. sokaklarindayken kaybolacak kadar kuculup ona sarilacak kadar buyuyorsun sozu anlam kazaniyor.heyecan veriyor ama yine de ankara'ya donerken sakinlesiliyor.",positive
5045904,jseseel,17.07.2004 20:22,"unesco'nun kültür mirası tehdit altında olan kentler listesi ne alma uyarısı yaptığı, harika bir gerilimi olan altın şehir.",negative
7902166,elcikpower,24.07.2005 06:36,her çöp tenekesi başına 10 kedi ve 1 insan düşen nalet şehir.,negative
11016977,senin annen bi melekti yavrum,08.07.2007 22:08,sigara yaktıran şehirdir. ya efkardan ya keyiften ama illaki yaktırır.,negative
2880328,athanata,29.05.2003 02:48,ağlayan şehir. (bkz: ağlatır da gerek mutluluktan gerekse üzüntüden) (bkz: duygusaldır istanbul),negative
10646399,radius,08.03.2007 17:47,"insanı mazohist eden sehir. o vurdukca siz dah bir baglanır, bırakamazsınız.

sadisttir.",negative
4025227,bruthuss,30.03.2004 14:44,"aylardir ayri kaldigim, 2 hafta sonra kavu$acagim platonik a$k im.",positive
8443651,bruthuss,28.10.2005 14:06,(bkz: istanbul da kurulmasi planlanan yeni kent projesi),positive
9448759,saryade,25.04.2006 00:46 ~ 11:16,"hatırlamadığım bir kitabında, hatırlamadığım bir yazar, kadıköy beşiktaş vapurunda evlenme teklif ettiriyordu kadına. dünyadaki en mükemmel şekilde yaptığının farkında mıydı bilmem. mucizevi bir kentte mucizevi bir teklif. iki dünya arasında, iki kıta. ortasından deniz geçen şehir. bir mucizenin yaşandığı. halbuki nasıl da duyarsız geçiyor insanlar üzerinden iki kıtanın kolyesi köprülerin. bir muciyeyi yaşadıklarından habersiz.

her santimetrekaresinden mucizeler, sevdalar fışkıran şehir istanbul. sevdanın kenti. her santimetrekaresinde sevda destanları yazılı. sevdanın kendisi istanbul. iki ayrı kıtadan, kulelerine kadar binlerce aşık barındıran. sevdaya yasak koyanın yerinin olmadığı şehir. sevdanın kendisi, aşkın öbür adı istanbul.

her bahar daha çok aşık olunmalı istanbul'a, her bahar daha çok aşklar yaşanmalı. aynı anda onlarca aşk. aşk istanbul'dur, istanbul aşk. istanbul milyonlarca yüz barındırır, milyonlarca yüze aşık olunmalı.

aşk yüreğinde heyecanlar biriktirmektir, istanbul her aşkın gizli şahidi...",positive
10356642,fengari,11.12.2006 06:17,"istanbul'un simdiki insani canindan bezdiren ve yoran halinin bu sehirde anilarini, en guzel zamanlarini ve nihayet kendilerini birakip gitmek zorunda birakilan gayrimuslimlerin laneti olduguna inanirim hep. bilmem kac kusak yasadiklari ve memleketim dedikleri sehirden olabilecek en igrenc sekilde kovulan insanlarin ah'larini tasir bu sehir sirtinda.",negative
504316,encore,04.07.2001 10:32,"zevk-ü sefa kenti
her tür insanla karşılaşılaşılabileceği
her tür zorluğun ve kolaylığın yaşanabileceği
bazen beş parasız, bazen sevgisiz, bazense kendinizi en mutlu yerde olduğunu hissedebileceğiniz
hakkında ileri geri sözler sarf etseniz dahi yaşamaktan vazgecemeyeceğiz şehr-i muazzama",positive
11007407,atlantis,05.07.2007 08:54,tayfları mide bulandırdığı gerekçesi ile terk edilmiş şehir.,negative
1552062,fair,29.08.2002 09:54,ağustos 2002 itibarıyla bütün caddelerinde yol çalışması olan dev şantiye. toz şehri.,negative
10607524,semsa,23.02.2007 19:08,"ayaginizin altindaki zemin, son bakista asik oldugunuz ve farkinda olmadan her gece koynunuza aldiginiz sehirdir (bkz: teferruc) .",positive
8226253,karaktersiz,20.09.2005 14:10 ~ 20:10,"20 yildir tanidigim ve kopamadigim tek sevgilim...

bu 20 yilin icine, beraber neler sigdirmadik ki?

serin bir ak$am ustu, galata koprusunde, i$iklarin altinda bira ictik beraber. emirgan ve salacak parkinda denizden ilik ilik esen melteme kar$i cay ictik kar$ilikli. harem'de elimizde $arap ile gun batimini izledik birbirimize sarilarak. ayasofya'nin arka tarafindaki gizemli sokakta ilk opucugumuzu verdik birbirimize. ve orada a$k oldum o'na. (of ulan of)
evet 20 yillik sevgilim ve hala tanimadigim bilmedigim ozellikleri var.
bir insan 20 senede sevgilisini taniyamaz mi ya?",positive
7864515,standard,17.07.2005 17:55,o kadar eski büyük eserlere rağmen kanımca istanbul'u en iyi betimleyen şarkıdır levent yüksel'in seslendirdiği.,positive
7994486,firat 1905,10.08.2005 13:19 ~ 19.12.2008 14:42,ikamet edenlerin %40 ının boğazı görmeden öldüğü metropol,negative
10789135,ladyshallot,24.04.2007 22:19,"çok eski bir rivayete gör;, gelip, görüp sahip olmak isteyen insanlar o kadar cok kavga etmişler ki bu şehir için birbirleri ile, çekiştirilmekten ikiye bölünmüş güzelim şehir.. sonra o bölünen kısımlardan biri de parçalanmış bir gün..",negative
6473600,imdullest,11.12.2004 22:20,"istanbul; son kullanma tarihi çoktan geçmiş bir konserve, çeşit çeşit insandan mürekkep. yersin zehirler seni, ruhun akıp giter kıçından. sen dehşetle bakarken biri çekiverir sifonu, karışır gider boğazın akıntısına. şanslıysan bir kefal yer ruhunu...",negative
6412335,xh00p,02.12.2004 10:17,pamela spence'in günde 100 kere dinlediğim ve hala bıkmadığım şarkısı.,positive
7837456,standard,12.07.2005 21:12,"bambaşka bir hayat.

yaşamın dönüm noktası geldiğinde, yer seçme imkanı verildiğinde; bir bok yersiniz, istanbul! dersiniz. bir daha gidildiğinde bu şehir kıs kıs gülmektedir size, ""gel bütün herkesten koparacağım seni, yalnız kalacaksın"" der gibi durur. korkutur, adeta yeni bir ruh istemez kendi bünyesine.

yaşanmaya başladığında dank eder bu şehir, her şey çok farklı olacaktır. hiçbir zaman istanbul ev olmayacaktır, ama bu şehire aşık olunacaktır. ilk defa anlaşıldığında zaman durur, sadece istanbul vardır gözler önünde. hiçbir zaman olamayacak kadar durgun ve barışçıl...",negative
11977068,smoker,13.12.2007 11:31,"artık yoğunluğu kaldıramayan ve taşan şehir.
son zamanlarda trafiğin artık saati yok, günün her saatinde şehrin her yerinde trafik var.
kaldırımlarda yürümeye yer yok, insanlar sığmıyor şehre.
otobüslerden, minibüslerden insanlar taşıyor.
bırakın marketleri bakkalda bile sıra bekliyorsunuz.
kapasite diye bir şey var ya hani, işte istanbul artık o kapasitenin aşıldığı şehir oldu.
""e kim gitsin"" derseniz, en zayıf halka olarak kendimi görüyorum, tahammül edemediğim için.
istanbul'a aşık biri olmama rağmen ben gideyim artık ya, neşem kaçtı.
(bkz: insanın yaşamayı beceremediği zamanlar)",negative
4046457,charming,04.04.2004 04:01,baştan çıkarıcı bir kadın gibidir...,positive
5037703,moramada,16.07.2004 22:30,"ankara di$inda ulkedeki tum kentlerde oldugu gibi, neredeyse tum banknotlarin eski, buru$mu$ oldugu, herhangi bir atm'den ya da bakkaldan gicir, yeni basilmi$ para alamayacaginiz $ehir. e, ne demi$ler, efendiler, guzel olabilirsiniz, dunya kenti olabilirsiniz, megapol olabilirsiniz, ama merkez bankasi'na evsahibi olamazsiniz (bkz: swh) .",negative
7211707,pati,31.03.2005 01:37 ~ 06.04.2005 01:08,"durduk yereki gülüşlerinize durduk yere gülüşlerle karşılık veren şehir. -tezgahtan balık çalan bir kedi, kucağında tavşanla otobüste giden bir çocuk, elele yaşlı bir çift, eski bir binanın köşesinden çıkmış gelincik, mezarlığın içinde yerde duran ceket, boğazdan balıkçı oltasının çektiği bir gül, sıkı giyinin diye tembihleyen taksi şöförü, bakkalın yanındaki plastik top filesi, mevsim sebze ve meyvelerinin arasından yolculuk, şakalaşan iki hamalın ağız dolusu gülümsemesi, yetişmenizi bekleyen otobüs, karşı kıyıyı gizeme bulayan sis, geceleri ışıldayan galata kulesi...-
nohut pilav, simit, kestane, midye tava, kokoreç, macun, mısır tezgahları... yanyana durdukları meydanda açan çiçekler... ezilen ve yeniden açan çiçekler... nergislerden, lale ve papatyalara geçerken erguvanları ve gelincikleri beklemektir istanbul... mevsimlerdir... sararan yaprakları toplayıp koymak bir dolu konudaki bir dolu kitabın sayfaları arasına ve sonra kardan adam yapmak için kar beklemektir... mevsimlerin üstünden geçişini değil, mevsimleri giyinişini sevdiğinizdir istanbul.. göz kırpışlarını sevdiğinizdir... bir insanın göz kırpışlarını seviyorsanız benim bu şehri sevdiğim kadar seviyorsunuzdur onu. o kadar doğal olanını, her anını, kendiliğindenliğini sevdiğinizdir istanbul. kusur bulamadığınızdır. kirpiklerini öpmektir adımlarınız...
durduk yereki gülüşlerinize durduk yere gülüşleriyle karşılık veren şehir, işte, durduk yereki ağlamalarınıza durduk yere kedi, köpek, kuş cesetleri tükürmüş olduğu gibi aylar boyu...
bir kaç aya kalmaz fesleğen alacak olmanızdır yanda duran lale saksının yerine eminönü'nden...
bir kaç aya kalmaz dut yiyecek olmaktır bebek'te, çilek yerine...
bir kaç aya kalmaz sıcaktan gölge aranacak olmaktır açık mekanlar yerine...
mevsimlere bakarken, zaman geçerken içini doldurandır istanbul... mevsimlerin, zamanın, yaşlanıyor olmanın içini doldurandır... orada olunmayan her mevsim askıdaki giysi gibidir, ona ne kadar yakışacağını düşünürsünüz ve hiç göremezsiniz bile... şarkıların, acıların, hayallerin en çok yakıştığıdır istanbul.. yaşamanın yakıştığıdır. ""burada olmasam"" dersiniz, işte ""yaşamak askıdaki giysi olurdu""... ""buradayım ki"" dersiniz gözkapaklarını öpersiniz vapur yolculuklarınızla ""çok güzel yaşamak"" dersiniz...
gülümsemelerinize gülümseyendir istanbul. kadehlerinize kadeh kaldırdığı gibi... ve tükürdüğü gibi tadını çıkarmadığınız zamanlarda sara nöbeti geçiren çocuklarla, eli bıçaklı adamları yolunuza...
gözgöze gelişlerinizde güzelliğinizi hissettiren, öylece ona bakakalmışlığınızda hayranlığınızdan biraz mahçup güzelliğini his sedendir...
her dildeki şarkının yakıştığıdır....",positive
3983231,arsenelupin,17.03.2004 20:14 ~ 22.10.2006 14:38,"bir şairin nasıl olduğunu örnekleyebilmek için sıkça kullandığım bir şiirdir:
""yine kamyonlar kavun taşır
fakat içimde şarkı bitti.""

huzur içinde uyu cahit külebi",negative
5526923,frapelaki,27.08.2004 18:45 ~ 17.08.2009 01:31,"dunyanin batisindan bir yerden(tercihen kuzey avrupa olabilir) donunce beyoglunda catida bir barda, oturup icme istegi uyandiran, yorgun ve suzgun ama bir o kadar tutkulu gozuken sehir...",positive
5198559,queasiness,30.07.2004 03:08 ~ 03:10,ankara'nın yerini alarak giderek gayri resmi başkent olan şehir. cemal süreya şiirlerinden birinin dizelerini değiştirmek ister insan her gidişince. iyi kalpli üvey ana dır her seferinde (bkz: ankara ankara iyi kalpli üvey ana) . merhemdir bir nevi.,positive
8827692,brainbug,30.12.2005 07:43,"arafta sallarken günahlarım bedenimi,muptezel olmusum derbeder neki
küllerim yayılsın isterim gökyüzüne istanbul tutsaklık şehri
tanrı senin hamurunu necaset ile yogurmuşken
benim halimden kime neki ...",negative
6341342,towrapup,22.11.2004 13:42 ~ 13:43,"tüm istanbul yaralarından çok acıtır istanbul yangını,
bu şehir içine işler kokun olur zamanla.
tüm özlenen şehirlere inat;
dört başı mamur, çöker içine.
öfkeyle yazılan her ayrılık mektubunu
yırtar atar küstahça
için burkulur acizlikten ama,
yine dönüp sevdalanırsın ilk günde ki gibi",negative
4294435,darkfear,21.05.2004 18:55,al di meola'nın the infinite desire albüm ünde yer alan eser i.,positive
1271008,heaven,18.05.2002 12:06,"orda, adamı düşündüren
denizler vardır
- ışıltılı ve berrak -,
şurda gemiler durmuş,
kimbilir,
zincirleri ne ağırdır.
sarayburnu,
kızkulesi,
haydarpaşa...
bak işte köprü,
böyle ayak altında bütün gün.
işte yollar gıcır gıcır,
işte sultanahmet meydanı şu gördüğün
nihayet, ilerde deniz,
mis gibi balık kokar.
daha sonra adalar
ve hep çam ağaçları.
oranın mehtabı tatlı olurmuş,
öyle derler,
rüyadaymış gibi yaşar insan.
galiba böyle görülür istanbul
bir kartpostal önünde durup
iştahla bakarsan.",positive
2584328,coolio,30.03.2003 03:56 ~ 16.04.2003 11:15,"hayran oldugum, ya$adigim, ya$ayacagim, olecegim $ehir.
ismine $arkilar yazilan $ehir.
carpik kentle$me olan $ehir.
her$eyin carpik oldugu, ta$i topragi altin olan $ehir.
(bkz: sehir)",negative
804993,mezopan,23.11.2001 01:49 ~ 01:50,"niksarda evimizde
küçük bir kuş kadar hürdüm
kamyonlar yine kavun taşır
ben hep seni düşünürdüm",positive
6114418,anshar,23.10.2004 09:15,"kelimelerin yavan bir tasvir den ote goturemedigi belde . onu ancak parcasi haline gelmis, havasini cigerlerinde teneffus etmis bedenlerin, tuvaline oldugu gibi naksetmis dimaglari, gonullerinde tanimlayabilir.",negative
11698169,syd,17.11.2007 23:38 ~ 09.11.2008 12:19,"ve sonunda ""yeter artık"" deyip terkedersin onu için acıyarak. oysa o bunun farkında değildir, olan sana olmuştur. özlersin her şeye rağmen, kız kulesiyle açılır pc.nin ekrani, bakarsın arada eski bir saatli maarif takvimine, üstünde boğaziçi vapurlarından biri gitmekte, takvimin yaprakları tükenmiş ama o hala senin duvarını süslemekte. bilirsin ki o şehir artık senin baharda sokakları leylaklar kokan, rengarenk ortancalarla bezenmiş bahcelerin arasından okula gidip geldiğin, üstünde hayrat, bilmem kimin ruhuna fatiha yazan ceşmelerinden kana kana su içtiğin, bostancı kadınlar plaji da olsa ismi, kimsenin tecrit edilmiş duygusunu yaşamadığı ve cok eğlendigi etrafı çadırlarla çevrilmiş bir plajı barındıran şehir değildir artık. dilek tutup hala kırmızı kiremit yapıştırıyor mu çamlıca tepesi nde ki türbeye aşıklar diye düşündüğün o şehir cok uzaktadır artık. mesafe olarak değil elbet, aşılır da zaten. yok artık bu şehir o şehir degildir, gene de özlersin. gidersin, fazla kalamazsın, acırsın şehrinin haline ""vah benim güzeller güzeli şehrime, vah"" dersin, dönersin yine, özlersin. hep özlersin.",negative
11143411,cevrimici,22.08.2007 02:03,istanbul; masallarımın kaf dagı dır.,positive
4344137,kraylin,23.05.2004 14:51,"insan bir kere büyüsüne kapılmaya görsün! kesinlikle tedavisi olmayan en büyük uyuşturucu... gönüllü bağımlısıyım, ayrılsam da dönmek için gün sayıyorum, nereye gidersem gideyim.",negative
9251327,colg fusion,11.03.2006 02:46 ~ 02:51,"insanların gördükleri güzelliklere alışıp, artık o canım güzelliklerini fark etmedikleri şehir. biraz dikkatli bakınca her dışarı çıkışımda ayrı bir güzelliğini keşfettiğim, tarihte de çok önemli yer tutmuş yaşlı ama dimdik abide. yaşadığım, olmak, ölmek istediğim yer...",positive
1276234,verbal kint,19.05.2002 22:53,dunyanın en guzel ve duygulu $ehri.,positive
9528789,asfaltina,12.05.2006 12:49 ~ 01.12.2006 02:27,"ugruna aile,sevgili,is terkedilebilen hayatinizi degistirirken,yenilerken sabit kalan tek sey. ozlemek icin terkedilen, yolcuklarin sebebi, istanbul u seven kisinin hayatini duzenleyen,nefesinizi kesip yeniden nefes aldiran tek sehir.
(bkz: ozlemek icin terk etmek)",positive
10783045,levanten,23.04.2007 14:46,"hayatının, hep resmi tatil kıvamında geçmesini temenni ettiğim şehir..",positive
7893646,zongo,22.07.2005 15:07,"dunyanin iki kitaya bolunmus tek baskenti sanilan kent.
ben de cikarmam sesimi hic. varsin oyle bilinsin, ne cikar...",negative
11384955,xor,05.11.2007 02:50,degeri kaybedilince daha iyi anlasilan. dunyanin 1 numarali kenti. ne onla oluyor nede onsuz.,negative
5738071,starsailor,15.09.2004 22:56,ankara ile karşılaştırılması istanbula bir hakaretmiş meğer,negative
7544800,burgerqueen,20.05.2005 17:18,"gezmeye insan ömrünün dayanmayacağı dünyanın en güzel şehri. her semtinden ayrı bi zevk alabileceğim, yeni açılan mekanların, yapılan etkinliklerin hızına erişilmesine imkan olmayan bi başka dünya. hani new york amerikalılar gözünde bile bambaşka bi dünyadır ya, işte istanbul'da türkiye'nin gözünde bambaşka bi dünyadır. iyi ki tanıdım istanbul'u, iyi ki turist olarak gelmedim, tadı damağımda kalırdı yoksa eminim, iyi ki burada yaşıyorum!",positive
9791097,bibidibabidibuu,11.07.2006 22:25 ~ 22:27,"uzun uzun süreler ayrı kalıp geri dönüş yapıldığında adapte olunabilmesi en zor şehir..bir de bakarsınız geride kalanlar iki elin parmaklarını geçmez, eski kalabalıklar yakalanamaz, sosyal çevre denilen çember artık çok dardır..tüm bunlara kafa yorarken kendinizi her köşeye serpiştirilmiş binlerce anı arasında buluverirsiniz. küçük şehir hayatına alışmışlık sizi çok fena daraltır..diğer kozmopolit olmayan şehirlerde yolda iki defa gözlerinizin içine bakan biri ile üçüncü kez karşılaşma imkanı kaçınılmazken burada (bkz: sehr-i istanbul'da) ikiyi bile yakalamak neredeyse imkansızdır. kısaca aşık olabilmek çok zordur..herşey zordur..
`:yine de vazgeçilmez`",negative
1685916,wounded walker,16.10.2002 23:21,"insanı yiyip bitiren şehir..alışmak gerekir önce sevebilmek için..bense daha alışamadım.. eskiten,eksilten şehir..",negative
5848866,mrtksn,25.09.2004 18:45,"sürü piskolojisi sayesinde kendini sevdiren şehir. dış semptelerden denize ulaşabilmek minimum 1 saat eder,yani iddia edildiği gibi güzel bir şehir değildir. daha doğruu boğaz ve eski istanbul muhteşemdir,belki de dünyanın en güzel şehridir ancak o kısımlar çoğunlukla mahvolmuş veya çoğu kişi ancak yılda 1 kaç kez ulaşılabilir durumdadır.fuck you istanbul demek isterdim...",negative
668990,annie,20.09.2001 06:36,"5,712 kilometre-karelik alana o kadar insanin nasil olup da sigdigini anlayamadigim, fethiyle bir cag kapatip bir digerini acan, gezmekle bitirilemeyecek $ehir, kendi capinda bir devlet.",positive
1964980,atkuyruklukertenkele,08.12.2002 05:22,"avrupa yakasını oturma odasına, anadolu yakasını yatak odasına benzettiğim şehirdir. ev gibidir.",positive
1160597,ceylin,02.04.2002 14:51,birçok dostumu görmekten beni mahrum eden şehir.,negative
138530,pancake,15.04.2000 19:38,bi turlu uzaklasamama hissi...,negative
10778853,huzursuz,22.04.2007 04:34,"hiçbir anlama gelmeyen bir kelimenin, bu kadar çok şey anlatıyor olabilmesi, ironi değil midir?",negative
11041195,cervantes1614,17.07.2007 00:48,içinde bol miktarda alkol ikindisi barındıran şehir.,negative
10617241,letugo,26.02.2007 23:40,(bkz: istanbul bir masaldi),positive
3078007,j,09.07.2003 10:02,"bilinir ama yüzüne söylenmez ki en güzeldir, en huzur verendir, ama söylenmez işte yüzüne...""seni yenicem istanbul"" diyenlere dahi kucağını açmış anaç şehirdir, ağladığını gören olmamış, güldüğünde aşıklarını mest eylemiş yalnız şehir, yalnızlar şehri...o varken başkasına ihtiyaç duyulmayan yaşam...",positive
3604549,zeck,21.11.2003 10:33,"insan hayatının günden güne ucuzladığı, çaresizce içinde bulunduğu duruma hüzünlendiğimiz şehir.",negative
3366570,latife,22.09.2003 18:35,grileşmiştir artık o...özletmiştir kendini...ya da ben özlemek istemişimdir.,negative
11390876,teritori,05.11.2007 10:16,"manyak bir insan kitlesine sahip şehirdir. yağmuru gören zaten çileli olan trafiğini daha da çileli hale getirmek için atlar arabasını vurur kendisini yollara. küçükbakkalköy den kadıköye 2 saatte gelmeme yol açar. aslında zaten bu şehire yağan şey de yağmur değildir, o damlalar yere düştüğü an evrim geçirip araba olur.",negative
10327210,anafor,01.12.2006 16:21,mavi gozlu aşifte...,negative
11508399,xarziyan,08.11.2007 08:21,"bazen bütün o karmaşanın, koşuşturmanın içinde karşınıza çıkan rutinlerle sizi şaşırtabilen bir şehirdir. sürekli aynı saatte aynı dolmuşa, otobüse, metro ya binen şehrin farklı yerlerinden farklı insanların varlığı artık şaşırtmıyordu ama arkadaş bu şehrin delileri de bu koşuşturmaya ve rutine uymuş. hergün işyerine yürürken karşılan adamla (bkz: deli) 5 dk gecikince normalde karşılaştığımız yerin birkaç yüz metre gerisinde gene karşılaşılabiliyormuş.
deliliğin bile mesai saatlerine uyduğu bir şehir.",negative
5130352,sohryu asuka langley,24.07.2004 18:59,"sigara gibidir istanbul demişti bana birisi o kadar iyi olmadığını bilirsin ama bağlanırsın.
bunu söyleyen zengin değildi,hatta orta halli grubuna bile girebilecegini sanmıyorum.heralde iyi değil derken de boğazından,yalılarından bahsetmiyordu.insanları olabilir belki diye düşünüyorum.ama haklı olduğu kesin.",negative
6235166,cannibal,07.11.2004 01:47,"bazen nefret edilen,bazen cok sevilen sehir.insani alip yutmasi basta koysa da alisiliyor malesef.",negative
1964963,atkuyruklukertenkele,08.12.2002 05:16,"tüm yaşatmadıklarını, ömrünüzden sinsice çalmasını, hıncını, eziyetini, kaprislerini, çektirdiklerini,
vapurda bir yudum çaya, olsun be, değer sana diyerek bir çırpıda sildiren sevgilidir istanbul",positive
8301522,hominem te memento,03.10.2005 00:51,yağmur yağdığında toprak kokusunu hissedemediğim şehir. ayrıca su entryi girerken şehir ile alakadar girilenlerin 34 sayfa olduğunu görmek de hoş bir tesadüf olsa gerek..,negative
3601449,kafka,20.11.2003 13:52,"son yaşananlardan sonra buralardan gitme isteğimi iyice körüklemiş şehir.
ayrıca (bkz: ben boyle ulkenin)",negative
3873632,penny,10.02.2004 12:22,1 hafta içinde 4 mevsim ya$atan $ehir.,negative
11225488,huthut,23.09.2007 17:28,"her zamanki yer işte. gönül rahatlığıyla böyle diyecek kadar da burdayım, buralıyım. sonradan gelip bakanlar anlamaz bunu. onlar istanbul'u sevmezler ya da hayran olurlar. sen böyle ol ama olağan karşılan ben tarafından. kardeşim gibidir yani. aileden biri.",positive
9423489,sangria,19.04.2006 01:12,"yine ne yapıp edip vazgeçilmez olmayı başarmış şehir.

istanbul'un büyüsüdür bu (bkz: o), başka bir şey değil.",positive
11223109,misszorro,22.09.2007 13:31,"içinde doğmuş, büyümüş, bir şekilde yerleşmiş, yaşayan hiçbir insanın değerini tam olarak anlayamayacağı bir yer istanbul, ondan mahrum edilip uzaklarda gereksiz bir şehre yerleşmek zorunda olduklarında anlarlar ellerindeki hazinenin kıymetini.

yaşamın kalbidir istanbul, diğer şehirler işte sıralanır kol, bacak, ayak parmağı diye.. (bkz: bekle beni istanbul) (bkz: bir gün mutlaka)",positive
10577793,sleepy99,14.02.2007 11:27 ~ 17.02.2007 11:00,"fantastik ula$ım alternatiflerine sahip $ehir.

karaköy-istiklal arası: tünel,
kabata$-taksim arası: füniküler (tünel),
istiklalin tünel tarafı-taksim arası: nostaljik tramvay,
kabata$-zeytinburnu arası: cadde tramvayı,
bağcılar-zeytinburnu arası: tramvay,
kadıköy-moda arası: tramvay,
taksim-4.levent arası: yeraltı metrosu,
levent-be$ikta$-kabata$ arası: metrobüs,
cevizlibağ-küçükçekmece arası: metrobüs,
sirkeci-küçükçekmece arası: tren,
aksaray-havalimanı arası: yer üstü metrosu (hafif metro),
kadıköy-kartal arası: metro, ($imdiki hali haydarpa$a-gebze arası: tren)
kadıköy-karaköy-kabata$-üsküdar-be$ikta$-eminönü arası: $ehir hatları vapurları
aralara serpi$tirme: otobüs .

yemi$im hatların entegrasyonunu! aktarma yapa yapa araçtan araca zıpla!",negative
8444906,keruac,28.10.2005 19:10,mistik şehir..,positive
9564500,balpeynir,20.05.2006 02:27,"uzun zaman sonra kavuştuğum,hasret gidermeye çalıştığım saatlerce sokaklarında yürüdüğüm fakat birkaç gün içinde ayrılmak zorunda olduğum sevgili.",negative
9778842,auroriel,08.07.2006 19:03,bana ağır gelen şehir..,negative
10703750,purp,27.03.2007 22:24 ~ 02.05.2007 23:21,"hep yokuş, hep bayır.",negative
1160654,deathkeeper,02.04.2002 15:13,"her karisinda hem hayallerimi hem de gerceklerimi gomdugum, sonra zamani gelince tekrar cikartip tekrar yasadigim sehir. aglatan, ozleten, gulumseten sehir. ayrica sabah gozumu actigimda olmak istedigim tek yer, gitmek zorunda oldugumu bildigim icin de dolu dolu yasadigim sehir.",positive
9145686,soulbrk,17.02.2006 21:59 ~ 22:00,"nüfusu 3-4 milyon civarında olsaydı ve tarihini layıkıyla koruyabilseydi dünyanın en egzotik,en güzel şehri olurdu.bu haliyle fazlasıyla tehlikeli,ancak gezmeye görmeye gidilesi mega şehir.",negative
8438537,codic,27.10.2005 15:03,"bazi bazi ""icinde yasamak zorunda kalmasaydim cok severdim"" kalibindan bir kent..

bazi bazi ise vazgecilmez ana, kucak..

adi soylendiginde, yaban ellerde tanisilan herkesten ya (en hafifinden) ""kesinkes bir kere daha gidecegim, ne sehir ama.. muhtesem"" gibilerinden ya da ""mutlaka bir gun gorecegim, olmazsa olmaz"" turunden guzellemelerle karsilanan sehir..

iz birakan..",positive
10398613,topuklu,23.12.2006 23:23,"sürekli sövdüğüm ama 3 gün uzak kalınca da deli gibi özlediğim şehrim, kentim... belası, tasası eksik olmayan.. özlenen, alışılan, vazgeçilemeyen.. bir nevi sevgili-kent....",positive
1226917,emirhan,06.05.2002 14:15,pazar günü hayatta açık postane (bkz: taksim) (bkz: beşiktaş) bulamayacağınız megaköy.,negative
10292831,gxl,22.11.2006 00:26,"iki gündür, sis kisvesi altına smog basmış şehir. insanın genzi yanıyor. yağmur yağsın, lodos çıksın, poyraz essin, birşey olsun artık.",negative
11000377,charm,03.07.2007 00:09,"ruhumu sokaklarina gomdugum $ehirmi$, ben bugun bunu gordum .

gelir gelmez be$ikta$'a gittim once. iskelede cay icip, gecmisi du$undum. mackaya gittim sonra yoku$lardan gece gece. guzel kadinlarini izledim $ehrimin, otobuslerden hayata umutsuz bakanlari diger gozume alarak.

yillardir her gidisimde bir baskasiyla anilarimi paylastigim saray'a gittim, kahvaltimi soylerken. beyoglu'nu arsinladim, trene bindim, sahilde balik yedim. sevgimi, arkadaslarimi, gencligimi andim.. cignedigim her bir kaldirim tasini anilarimla doldurdum, simit kokularini burnuma alirken..",negative
326522,otisabi,26.02.2001 01:38,gezdikce gordukce degerini anladigim sehir.,positive
5705644,diyetkolabussuzlimonsuzlutfen,13.09.2004 02:41,"nefes alan, ruhu olan yegane şehir. dünyada denizin ikiye böldüğü 2 şehirden biri (1.istanbul/2.hong kong). ayrıca dünyanın ağaç çeşitliliği açısından en zengin bölgesi olan ve bu sebeple dünya fauna literatürüne giren boğaziçi ni de sınırlarında barındıran memleketim.",positive
552427,kahverengibotlutirtil,25.07.2001 14:36 ~ 05.11.2003 09:49,her seyi zıttıyla barındıran şehir... (bkz: başka dillerin şarkısı),positive
460806,peb,16.06.2001 00:56,"istanbulda yaşamaya alışan başka yerde yaşayamaz,başka yerden gelen de geldiği yere geri dönmek istemez
bazen hayran kalınıp bazen nefret edilen ama nedense terkedilemeyen bi şehir
güzel şehir,gezip gördükçe şaşırtıyo insanı
ama trafiği ve yaz sıcağı hiç çekilmiyo.",negative
10427433,dewres,02.01.2007 02:16 ~ 02:20,"bir çemberin etrafında dönüp dururken, zamanın koşaradım yanınızdan teğet geçtiği kent.",negative
744641,delikan76,19.10.2001 11:59 ~ 02.04.2002 15:07,"gel, gelen gordu istanbulun cilesini,
cek cek ki istanbullu olasin.
dolan tasan sokaklarda binalar,
hani nerde olan o altin olan topraklar.
yalan, yalan olan tek sey ruya,
ruyalarda gelen tek sey ise para.
su istanbulun essiz bogazinda,
ne kadar gizemli esrarengiz bir hava.
gunesin batisindan ta ki dogusuna,
ister asya ister avrupada dola$,
burasi bizim iste turk topraklari,
bak da gor atalarinin miraslarini.
ne kadar acimasiz olsa da bu sehir,
senelerdir burda katlandik bu olanlara.
istanbul bizimdir bizim kalacak,
istanbulu dinliyorum gozlerim kapali.

majesteleri ve ekselanslari,
nerde bizde bulusur.
turkce rapin krali,
istanbul bizimdir bizim kalacak,
istanbulu dinliyorum gozlerim kapali (x2)

istanbulda yasamak zor evet cok zor.
saf olan adama kor evet hemde cok kor.
baska sehir gormeden istanbulu taniyorum,
rahati ve cilesi istanbulu dinliyorum.
gozlerim kapali
bazen gormek istemiyor gozlerim
den suzulen iki damla yas
aynada bana aglayan istanbulu hatirlatiyor
ve istanbul agliyor.
mavi marmaramdan o yakadan bu yakaya gecerken
bu yaka bu yaka silah sesi duymak istemem,
magandanin elinde istanbul'un colu arabanin kornasi
artik biktim bunlari duymaktan gormekten
mavi denize akan o sim siyah pislikten,
yeter artik yeter yeter artik yeter,
bu pisligi yapan artik sen artik sen geber!!!

majesteleri ve ekselanslari,
nerde bizde bulusur turkce rapin krali,
istanbul bizimdir bizim kalacak,
istanbulu dinliyorum gozlerim kapali (x2)

iskeleden uzaklasan bir gemi,
hatirlatir bana mazide kalan gunlerimi.
gordugum su mavi deniz ufkumu aydinlatir,
ucun giden bir marti yitirdiklerimi.
bu bos sokaklar kimisinin dostu oldu,
kimisi de buldu ayni sokakta sonunu.
sokak cocuklari kapanmaz yara,
her yerde dolu oldu her yer kara.
nerede sultanahmet, ortakoy, beykoz,
uskudar, emirgan camlica halic?
anlat bir zamaninda neyi istedigimi,
kapali gozlerini orhan veli.
ugruna gemiler yuruturdu karadan,
bosuna mi yatiyor altinda suheda?
hazirlamissindir benim kara topragimi,
istanbulu dinliyorum gozlerim kapali.

majesteleri ve ekselanslari,
nerde bizde bulusur turkce rapin krali,
istanbul bizimdir bizim kalacak,
istanbulu dinliyorum gozlerim kapali (x4)

turkce rap - nefret - istanbul",negative
1964947,atkuyruklukertenkele,08.12.2002 05:12,"ankara'lının sevmediğini, sevemediğini söylediği şehirdir,
ama bir metresi arzular gibi düşlediği bir hayaldir aynı zamanda.",positive
7755674,dagnytaggart,24.06.2005 23:19 ~ 01.12.2005 22:36,"dünya adlı otelin kral dairesi.

ilklerin, ""hoşgeldin"" ve ""elveda""ların cenneti.

nereye gidilse özlenecek, tek kusuru saygısız, kendini bilmez insanların ona gerektiği özeni göstermemeleri, ona bakmamaları, temiz tutmamaları olan şehir. evet ya, bu durumda kusur ona ait değil.

hayatımın çoğunu geçirdiğim, beni mutlu etmesi kesinlikle onunla geçirdiğim zamanın çokluğuna değil, bana sunduğu güzelliklerine bağlı olan, (sur içine-eski istanbul'a) hayran olduğum, her temiz köşesiyle beni kendine bağlamış, çeksem de, koparmaya çalışsam da zihnime kazınmış dilber.

yakında ondan uzak kalacak olmam onun yüzüne kapıyı çarpıp gideceğim manasına gelmemekte. bu gurbete gidişin, geçici ayrılığın sebebi saygısız ve akılsız insanlardan başka birşey değil. özrümü kabul edip beni bağrına bastığını hisseder gibi oldum.

(bkz: istanbulu dinliyorum gozlerim kapali)

edit: ondan uzak olanlara ""yarim istanbul,
seni, kokunu ve her köşeni çok özleyeceğim (bkz: kızım sana söylüyorum gelinim sen anla) .
zihnimdesin. en kısa zamanda seni görmeye geleceğim"" dedirten şehir / canlı varlık, ilham kaynagi.",positive
5638576,arundati,07.09.2004 09:23,"her yeni gunu beklenmedik heyecan larla dogan; gunduzleri kimi zaman aydinligi, kimi zaman pusuyla goz kamastiran; geceleri isil isil; yasamasi zor ama renk li; sokaklari nemli labirent ler, binalari goren goze saray lar olan; etrafi kendi yarattigi yari cennet lerle cevrili; dogdugum yer olmasa da, birakip uzaklara gitsem de, bir gun donup bagrinda olmek istedigim buyu lu kent.",positive
8034018,sturmgewehr,17.08.2005 19:10,(bkz: istanbul twilight),positive
7411,cadi,12.05.1999,silueti olan tek sehir,positive
4826460,slammer,25.06.2004 00:28,"5yıl düşlediğim,sonunda kavuştuğum şehir...
(bkz: hala ağlıyorum)
(bkz: en ezik entry)",negative
7412666,luis alberto,30.04.2005 17:04,"istanbul, eşi ve benzeri olmayan bir sanat eseridir. bu şehir de bir başkadır, yaşamak,ölmek ve aşık olmak.",positive
3593718,penny,18.11.2003 19:23,hangi ilçesi olursa olsun her yağmur yağdığında insana super mario oynuyormu$ hissini ya$atan $ehir.,negative
2304463,shab,05.02.2003 09:57,ayrica kli$ele$mi$ yurtdisi turk-restoran adlarindan. toronto'da da var bir tane.,negative
764451,penguen,30.10.2001 21:30,"istanbulu algilamaya calisiyorum
gozlerimi dort acarak..
heryerinden rahatsiz eden seyler cikarken bir sekilde kendisini benimsetiyor. ama bu asla sevilecegi anlamina gelmiyor. bu kadar can acitan bir yeri sevmek icin gercekten mazosist olmak gerekiyor.",negative
880443,feraye,04.01.2002 12:41,'ah ah neden orda yaşamıyorum!'dedirten şehir.,negative
11076945,ladyshallot,27.07.2007 16:29,"varsın cok sıcak hatta yapış yapış olsun..
varsın tüm suyu cekilmiş olsun..
varsın kalabalıkları kaldıramaz olsun..
ama vapurda bir yerim olsun
ve burnumun ucunda istanbul olsun..",positive
5510024,bigidi,26.08.2004 11:20,"herkesi kendine asik edip, terkeden ela gozlu benli dilber . elbet cikar bunca ah biryerden.",negative
7502655,medusa5,13.05.2005 23:20,hücrelerimde hücreleri olan şehir.,negative
5510247,cartouche,26.08.2004 11:40,"korkunc trafigi, buyuklugu, cok kulturlulugu, yoran dinamizmi nedeniyle icinde yasamanin izdirap verecek kadar zor oldugu, buna karsin ziyaret etmenin, turisti olmanin bir o kadar zevkli oldugu kent.

dunyanin en muhtesem en sasirtici en etkileyici metropollerinden biri.

aslinda icinde bir degil en az onbes farkli kent barindiriyor.",positive
10350211,nordiscool,08.12.2006 21:57 ~ 21:58,"yillar sonra, bu sehrin tarihini anlatacak kitaplarda, bu sehirle ozdeslesmis ve bu sehri en iyi anlatan yazarlardan birinin ismi sikca anilacaktir.

(bkz: orhan pamuk)",positive
6133199,serol,25.10.2004 15:40,"""istanbul"" hakkinda kafamda bir tanim veya verebileceginiz bir ornek o kadar çok ki. nerden başlanır veya başlansa da ne anlatılır? bişey anlatılabilir mi? bilmiyorum ki anlatmak gerekli midir?

günlerden bir gün... uyanırsın hava aydınlık. cam açık kuş sesleri odayı doldurmakta. ve tabii ki o deniz kokusu. iki martı kahakaha atarak geçti bahçenin üstünden. ada vapurunu yakalamaları gerekiyor aceleleri var. saat öğlene yakın. kahvaltı için tam vakit. o zaman rahat kıyafetler geçirip üste hemen sokağa çıkmak lazım. serin bir meltem vurur yüzüne. bir daha uyandırır seni gerçeğe; istanbuldasın. vapurun sesi doğrular hemen. ""vuuuuuuuuut"" bozacının şahidi misali. rumeli hisarı istikamet bu kesin. kale restaurantta muhteşem kahvaltı. karşında eşsiz boğaz. eşi varsa benzeri yok. saatlerce sürer mi bir kahvaltı? rumeli hisarında sürer. sürsün istersin.

kahve içmek lazım. istiklal'e gidelim o zaman madem istanbul'u yaşıyoruz. mis sokak, asmalımescit, asmamalı mescit? arkadaşlarla buluşup sohbet ve biraz kahve. hey neden biraz nefes almaya gitmiyoruz. polonezköyün oksijeni meşhurdur derler. içine bir çekersen bağımlısı olursun.

kendim pişirince ben kendim yerim zaten başkasına verecek halim yok ya. allahallah!!! mangalda pişen köfte ve tavukların ağzımdaki rakının içinde yıkanma arzusu birazdan nihayete erer ve buluşur aşıklar. üstüne salatayı gönderirsin nedime olarak. sonra çimlerin üzerine yayıldığın gibi ordasındır artık bir ömür boyu hissedersin. iki saka seslenir sana üstündeki ağacın dalından. doğayı seversin, arkadaşlarını seversin, hayatı seversin tekrar tekrar.

geri dönmek zamanıdır. yeni doğmuş bebek kıvamında kalkarsın yerinden. sen arabayı değil araba kendini kullanır. tüm otomatik pilotlar açıktır bugün. ulaşıldığında hava kararmıştır ama aydınlıktır beyoğlu dükkanların ve pavyonların ışıklarından. sızmaktadır sokağa patlamış mısır kokusu. alır çeker seni içeri kaçış yoktur.

filmin etkisinden henüz kurtulamamışken eve varmışsındır yüzünde ki gülümsemeyle beraber. uzanırsın yatağa günün bir fim şeridi gibi geçer gözünün önünden.

pıt uyanırsın, içinden seslice geçirirsin:

""şimdi istanbulda olmak vardı anasını satayım""",positive
6682597,beetlejuice,15.01.2005 13:19,"başkaları üzerine konuştuklarında sinirlenecek, başkaları kaçıp gitmeyi düşündüklerinde sanki kaçıp gittikleri benmişimcesine üzülecek, onu sevenleri duyduğumda kıskanacak ama çaktırmadan gururlancak kadar sevdiğim ama belli etmediğim, doğduğum, muhtemelen öleceğim şehir.",negative
11091104,jamesjersey,01.08.2007 23:14,kentsel dönüşüm poroceleriyle de yıkılıp yeniden yapılabilecek olan şehir. milyonlarca insanı öldürmenin anlamı yok şimdi.,negative
8458120,xasel,31.10.2005 14:44,"insana hayatin ne kadar degisken oldugunu ve herseyin olasi oldugunu, hayatta oldugunu hatirlatan sehir.",positive
5705659,diyetkolabussuzlimonsuzlutfen,13.09.2004 02:45,"buralı biriyle hemşehri olduğunuzu hatırlattığınızda garipsenen şehir. ör:
i: nerelisin abi?
ii: istanbulluyum. sen nerelisin?
i: aaa abi ben de istanbulluyum ya! hemşeriyiz biz! neresindensin sen?
ii: de get la! istanbulda yok ööle işler ancak başka biyerden istanbul' a gelmişsen birilerinin hemşerisi olabilirsin!! duymiyim bidaa...
i: pardon abi, kusura kalma....",negative
941068,ceylin,24.01.2002 15:09,hayatta bır kere dahı olsun gıdılıp gorulmesı lazım gelen turkıye'nın metropolitan kenti.,positive
10125191,nasrettinhoca,07.10.2006 00:21,asik oldugum sehir ...sokaklarini gezmeye doyamadigim ...hala ara ara ozlerim ama ne o eski istanbul ne de ben o 16 yasindaki cocuk.,negative
944102,siesta,25.01.2002 12:08,(bkz: istanbulu dinliyorum gozlerim kapalı),positive
9674237,reckless,13.06.2006 00:37,"on kusur milyon insana ragmen, kendimi cok yalniz hissettigim sehir.",negative
179104,carl gustav,31.05.2000 22:50,"bir cok teori olsa da akla en yakin geleni; sultan 2. muhammed'in (o zamanlar mehmet diye birsey yoktu) constantinopolis'i aldiktan sonra cikardigi fermanla ilgili. sehri bir katliam olacak korkusu ile terk etmekte olan hristiyanlar, fatih'in ferman cikartip kimseyi kesmeme kararini duyunca tekrar şehre dönmeye baslarlar. uzun at arabasi konvoylarinda bir slogan yayilir ""eist en polin"" -sehre donun yada -sehre dogru. zaman icinde slogan sehrin ismi olur.",positive
5333703,kudra,09.08.2004 21:25,"cok sevmeme ragmen yazın ""denyostanbul"" oldugunu dusunuyorum.",negative
10623587,radiyogafa,01.03.2007 00:49,"garip bir şehirdir.
istanbul adamın amına kor mesela.
çok zordur yaşamak.
mutsuz eder adamı;
zorlar,
bıktırır,
yıpratır;
ama yine de istanbul'da yaşamak,
en azından yaşamaya çalışmak,
ya da istanbul'u yaşamak;
güzeldir.
istanbul çok güzeldir.
sevilir;
özlenir.
istanbul çok sevilir...",positive
9712343,kaptanin seyir defteri,22.06.2006 09:34,"kentin nüfusu hakkında bazı saptamalar:

ms. 330’da adeta bir köy olan istanbul’un nüfusu 40.000 iken, imparator konstantin’in yeni bir şehir kurmasının ardından 530 yılında 550.000’e kadar çıkmış. yine bizans döneminde 950 senesinde 400.000 olan nüfus, sanki tırpanlanmış gibi 1200 senesinde 150.000’e düşmüş. ya birileri gelmiş asmış kesmiş yahut da veba, deprem gibi bir felaketler yaşanmış şehirde.

kentin nüfusu 1453’te 36.000 iken 1566’da 600.000’e yükselmiş. burada yükselme döneminde istanbul’da büyük bir iskan olduğu görülüyor. 1901’de 943.000 olan nüfus, 80 yıl içinde yani 1980 senesinde 2,7 milyona yükselmiş. 1985 senesinde ise nüfus 5,5 milyon. yani 1980 ile 1985 arası 5 senede kentin nüfusundaki artış önceki 80 yılda yaşanan artıştan çok daha büyük. 1985’ten bu yana ise nüfus ikiye katladı.
(not: nüfus istatistikleri wikipedia’da alınmıştır.)",negative
4167220,anneke,09.05.2004 00:42,aynalar sehri.,positive
8351348,lovehippi,11.10.2005 18:16 ~ 23:53,"bugun kendisini cok seven, sevmekten de ote onu muazzam tasvir edebilen ve siirlerine, hayatina, dusuncelerine kisacasi aklinin her kosesine sokmus olup onunla yasayan atilla ilhan ini kaybetmis sehir.. her turlu yuzunu bilip de seven birini, sevmenin yani sira (sevmek kolay, herkes bir sekilde seviyor) onu yazan, yasatan biri olmadan istanbul ne yapar bilemiyorum ama vefat haberinin ogrenildigi anda benim bulundugum yer beyoglunda sakir sakir istanbul agliyordu.

attila ilhan in defalarca yaziya doktugu o muhtesem istanbul sevgisinin en belirgin ornegini su sekilde vereyim;

(bkz: istanbul agrisi)

sana taptik ulan istanbul, sana taptik!...",negative
9334570,quadroo,29.03.2006 02:45,(bkz: istanbul cymbals),positive
9957257,hokkaz,24.08.2006 12:11,"insan istanbul'da önce yolunu kaybeder. sonra yolunu bulduğunu sanar, bu sefer de arkadaşlarını kaybeder. sonra yeni arkadaşlar bulduğunu sanar, bu sefer de kendini kaybeder. en kötüsü de budur... (bkz: çemberimde gül oya)",negative
6422841,cay,03.12.2004 19:17,"şiir gibi memleket. erkek için kadın gibi, kadın için erkek gibi. herkes orda, herkesin ebe si de orda.",positive
8702891,daha neler,15.12.2005 23:51,hisarda balık ekmek keyfini hiçbirşeye değişmeyeceğim şehir. birde şu dertten kurtulursa (bkz: trafik sorunu),positive
9502732,fiore,07.05.2006 01:47 ~ 01:49,"beni bugün arabanın içinde oturtmaktan sarhoş etmiş şehir. bu kadar mı kalabalık olur heryeri dedirtir insana hayretler içinde.
saat 19gibi fenerbahcede baslayan yol macerasını arabanin icinden hic cikmadan taksimde otopark arayip boş olanindan bulamamak ve sonrasinda pes edip arabadan yine çıkmadan kalamışta saat 23te sonlandıracak kadar şaşkın bırakan,delirtici ve deli güzellikte şehir.",negative
7594297,karentina,28.05.2005 22:03,(bkz: antonina),positive
8842126,goned,01.01.2006 19:27,"gunes dogana kadar guzel sehir. gece dunyanin en guzel yeridir istanbul. gorunusu alkolik eder adami ya da asik. kiz kulesine karsi bir cay icmek ya da bogazda raki-balik. ama sabah olunca sehir gercek yuzunu gosterir bize. birkac saat once bakip mayistigin manzara megerse tas yiginiymis. sevgilinle cay ictigin deniz kenarinda pet siseler, copler. iki yuzlu sehir istanbul.",negative
4136113,ribelle,29.04.2004 04:03,"trenden inilen sabahın erken saatlerinde, küçük mavi çantayı sürüklerken haydarpaşanın merdivenlerinden tüm cazibesi, acıları, hüzünleri ve sevinçleriyle, yüzünde geceden kalma makyajı, yorgunluğuyla belki biraz mor gözaltı torbalarıyla karşınızda duran elini kavramak; dudaklarını öpmek isterken bile terk etmem gerek dediğiniz kadındır (bkz: çünkü cesur olmak) (bkz: güçlü olmak demek değildir)",negative
7289,loop,11.05.1999,yasanacak en güzel sehir....ve tek sehir her haliyle cok seviyorum istanbulu,positive
7905005,standard,24.07.2005 22:12,"kafamda bu şehire bir tanım getirmeye çalıştığım günlerde, bir taksicinin tam tanımını bana verdiği şehir. sigaranın zararlarından açılan bir muhabbet gider, devamında taksici abim büyük lafı söyler:

""bu şehirde bu meret içilmez mi be..""

böyle bir şehirdir istanbul, size hiç yanaşmayan bir sevgili gibi, hakkında tek yapabileceğiniz alkol ve sigarayla ona tapmaktır.",negative
11000508,dinza,03.07.2007 00:50,"""gitmek istiyorum buralardan"" serzenişiyle yola çıkarıp, ""buradan sonra yapamam ki başka yerde"" dedirten, emeklilik görünmeden tam olarak terk edilemeyecek, kaotik, büyülü ve bir o kadar acaip şehir.",negative
10363144,ssg,13.12.2006 00:41,(bkz: office live communicator 2005),positive
5158037,arbuk,27.07.2004 12:24,"abanoz sokağındaki herhangi bir evde
bir kaç yarı çıplak umutsuzlukla,
iri yarı bıyıklı cinselliklerin
birbirlerine kahkahayla gülerek anlattığı edepsiz bir öykü...

benim garip memleketim",negative
7479503,ladyshallot,10.05.2005 17:06,bahar sehri. kalibimi basarim daha latif bir sehri yoktur bu havalarin..,positive
10161991,withered,16.10.2006 21:12,şu iftar trafiğini gördükten sonra acaba bizanslılarda kalsaydı daha hayırlı mı olurdu diye beni derin düşüncelere daldıran şehir.,negative
7335873,microller,19.04.2005 14:55,"3 sene ayri kaldigim, kablolarla baglandigim, yakin zaman da ben ona kavussam da onun bana kavusamamasindan olurcesine korktugum, ozledigim ozlettigimi umdugum, agladigim bilioyorum ki bu askta sadece benim agladigim sehir. ben geliyorum hatun... oldur beni..",negative
10151262,charles maurice de talleyrand,13.10.2006 20:25 ~ 20:27,"afili yalnizliklarin sehridir, istanbuldaki yalnizligimi severim hep.
(bkz: acitsan da seviyorum)",positive
7576859,talisman,25.05.2005 18:05,gönlüme sevdasını bir kez daha kazımış tutkum,positive
9730373,umit,26.06.2006 19:49,hicbirimize yar olmayacak en sevgili şehir,negative
8494068,crescendo,07.11.2005 18:21,sigara içmek gibidir havasını solumak; sağlıksız ama zevkli!,negative
8215596,pati,18.09.2005 17:09,"sabahları erken saatlerde seyrine doyum olmayan bir türlü uykudan uyanamayan şehir.
güneşin ilk ışıkları vurduğunda parıldayan sarı deniz, çapakların arasından bakan ilk uyku sersemi bakışları kadar güzeldir sevdiğinizin...
sislerin arasında bulanık boğaz ise uyku sersemi mırıldanışlarıdır...
istanbul sevmek kadar güzeldir.. sevilmek kadar... geceleri uyumasını, sabahları uyanmasını, öğlenleri telaşını, akşamları sıkılmasını, öylece varlığını seyretmeyi, seyir etmeyi sevdiğiniz. bağlılığınızdır.",positive
6720670,dalamar argent,21.01.2005 11:15,hala çözemediğim büyülü şehir..,positive
10340062,elysium,05.12.2006 23:06,"istanbul..devamlı bir yerden bir yere koşturmanın hayatta kalmak için zorunluluk olduğu yorucu şehir.öyle bir koşturuyor ki insanlar bu şehirde,hayatta kalmak için göç eden manda sürüleri gibi birbirlerini ezip geçiyorlar..",negative
4092361,hemingway,16.04.2004 03:21 ~ 03:22,turkiye'ye bagli bir dukalik .,negative
8124567,mistiqkedi,02.09.2005 12:00 ~ 07.09.2005 11:55,"bu kadar şey yazılıp çizildikten sonra daha ne söylenebilir ki diyemediğiniz tek şehirdir belki istanbul. ne kadar yaşansa eksik kalan bölümleri olmasından veya yaşanmış şeylerin tam olarak idrakının ve izahatının mümkün olmasından. bilmiyorum.

kendine bağlamıyor bu şehir insanı. kaçma isteğini ve umutlarını yok ediyor. sonrasında geriye kalan süzülmüş ve vitamini süzgeçte kalmış bir posa oluyor. ki atsan atılmıyor, satsan alan çıkmıyor. umutsuzluğa sürüklediği bünye en ufak bir umudu bile ıskalamamak için daha fazla sarılıyor istanbula. istanbul istemiyor belki, ama acı çektiriyor.

tabii ki, güzelliği önemli olsa da, şehirleri anlamlı yapanlar içindeki yaşanmışlıklar ve kişiler oluyor hep. kaçıp kurtulunmak istenen uzaklık ve belki de farklı hayatlar oluyor. kolay kaçılamaması bir yana, her köşede her anda yaşanmış bir şeylerin olması da durumu iki kat zorlaştırıyor. peki istanbul ne kadar umursuyor bunu? zevk mi alıyor ne insanların bir şekilde kendini kaybetmesinden? şehirlere kişilik yüklemek ne derece doğru bilmiyorum, lakin şehirlerin kişilikleri içinde yaşayan ve içinde yaşayanı kalbinde yaşatan arasında belli bir oranda oluşuyor. belki bir formülü, bir matematiği yok; ama istanbul genel anlamda ayrılığın kafamdaki adıdır.

ankarada yaşayan bir insan olmamdan mı, yaşadıklarımdan mı, yoksa bir şeylere tutunma isteğinden mi bilmem, istanbul hep gizemli, ama bir yandan da'ayırıcı'. bir şekilde. iyiyle kötüyü ayırmıyor birbirinden, bir bütünü ikiye ayırıyor. yarım kalmayı umuyor insan doğal olarak, ama olmuyor da olmuyor. hep ayrılan küçük parçada hissediyor kendini. kalbinin büyük bölümü büyük parçada kalmış yaşamaya çalışmak yormaya başlıyor. henüz istanbuldan ayrılınmadan aynı sınırlar dahilinde ama ayrı hayatlar içinde yaşandığı insanın yüzüne iniyor tokat gibi.

durumu farketmekten öte düz mantığa sahip bir insan olarak bunu anlamam gerektiğinden ve anlamam imkansız olduğundan benim yiten parçalarımı aramaya başlıyorum şuursuzca istanbul sokaklarında. kör olası çöpçüler de yok halbuki, ama bulunması umulanlardan da eser yok. varsa yoksa daha fazla üzüntü, daha fazla umutlanmak. bir yandan insanın umutlarını öldürürken diğer yandan dalga geçer gibi tekrar umutlanması sağlayan çok fazla şehir yoktur eminim dünya üzerinde. ve bir süre sonra acı içinde farkediliyor ki, umut bütün kötülüklerin anasıdır. herkes annesini sever geyiği yapmayacağım, ama umutlanmak kadar da kötü bir şey olamaz galiba hayatta. umut umudu doğuruyor, bir süre daha dayanması için insana güç veriyor. ve fakat, bu bir sürenin sonu bir kez umutlanmaya başladıktan sonra hiç gelmiyor. gelse de insanın buna inanası gelmiyor.

ve bu sürecin belirsizliği, yahut da sürecin sonundaki durumun belirsizliği insanı aceleci davranmaya itiyor. acelecilik hissedilenlerin gerçekliğini değiştirmiyor. ama kalbin diğer yarısında durum böyle gözüküyor. bu kadar kısa sürede olamaz deniliyor, daha tanımıyoruz bile birbirimizi, ne derece dahil olabilirsin hayatıma? dahil olmak fiziksel ve düşünsel anlamda olmalıdır elbette ve fakat istanbul fiziksel kısmı zorlaştırıyor inadına. çaresiz kalan insan depresyondan depresyona giriyor, çıkıyor. yalama oluyor bir nevi. düzen tutmuyor sonra, hayatı boyunca bu düzensiz durumun devam edeceği kafasına işliyor ve tamamen balataları sıyırma devresi de böyle başlıyor.

sonrasında belki bir iki şey kalıyor insanın elinde. umutlarından başka tabii ki, umutlar her zaman yaralamak için ve hatıraları gözde canlandırmak için yerli yerinde duruyorlar. kişiye kalan ise ya kendini terk edip anahtarı denize fırlatmak oluyor, yahut da fırlattığı anahtarı almaya çalışırken ölmek. hangisi seçilirse seçilsin, sınırları tahminin ve tahammülün ötesinde acılarla karşılıyor insanı.

her istanbula gelindiğinde hissedilerek söylenen vay anasının yerini, olamazlar, olmamalılar alıyor. hafiften kendini terkediyor insan, ama anahtarını atacağı denizi bile olmadan..",negative
9879243,pidzameta,03.08.2006 16:16,"gitsen bi turlu
gitmesen bi turlu
anlamadim ""gitti""",negative
3601326,asabi,20.11.2003 13:29,terörün çirkin yüzü ile karşı karşıya kalmış olan yurdumun en kalabalık şehri.,negative
11265480,ladyshallot,11.10.2007 21:30,"sevgili semihacığım;
ben istanbul’u herkese soruyorum. anlattıklarını, mübalağa payına ehemmiyet vermeden dikkatle dinliyorum. hiç istemediğim, sormamak için kendimi cebretmeye karar verdiğim halde, taksim meydanı, eminönü nasıl? diyorum. ve sonunda mutlaka, (ben sekiz buçuk senedir görmedim) sözünü ilâve ediyorum. bu sözde bir çeşit öksüzlük, bir çeşit vefakârlık var."" gencecik girdiğin hapishanede ömür çürütüyorsun. ve bir de yetmezmiş gibi, istanbul'u özlemek belasına düçar olmuşsun. allah rahmetini esirgemesin.
kemal tahir, 1948 tarihli mektup",negative
4396501,juxtapose,25.05.2004 12:49 ~ 12:52,"murathan mungan'in jargonunda sehir noktasizdir.
yani ""ıstanbul""dur; istanbul degil..
oldugundan da asil durur bu haliyle.

tercihimdir.
sevgilim'dir.",positive
11403337,dirilise olan aboneligimi iptal ediyorum,05.11.2007 14:53,derya-yi dürer-bar ve bahreyn-i gevher-nisar.,positive
5605839,yarim kilo gercek,04.09.2004 03:29 ~ 03:36,ingilizceden turkceye girmis'tanbulun dogusu' anlaminda sozcuk.,positive
1481367,papalina tava,31.07.2002 18:59,bu dünyadaki en keyifli hapis cezasi.,positive
8438092,leyli,27.10.2005 13:33,"çocuğunu asma köprüde sallayan
bir annedir istanbul
ki onun
içi süt dolu
biberonudur kız kulesi
soğusun diye suya tutulan... (bkz: sunay akın)",positive
762040,gotterdamerung,29.10.2001 09:58,"7 iklimin sultani
7 tepenin bir gulu
kimbilir kimler geliyor her gun sana
kimbilir geldi gecti senden oteye
kimbilir kimler kaldi senin topraginda
biter mi dunya durdukca senin ismin soylenmekten
ama ne care var ki ayrilmak farz oldu
bunca uzuntuden emekten sonra bana verdiklerinden
ayrilsa da unutamazsin derler senin icin
acaba dogru mu?
ozler miyim seni nereye gitsem, sever miyim senden ba$kasini?
ama o ve ben ayni $ehirde nefes aldikca daraltiyorsun beni
dayanamiyorum hem bu kadar yakin
hem bu kadar uzak olmaya ey $ehirlerin sultani
kavu$turmadin beni, kavu$turamadin daha ne
nerede hani senin efsanelerin, nerede guzel hikayelerin
bir kucuk masal da bana yaziverseydin ne olurdu?",negative
1776896,oz yoda,09.11.2002 19:48,"ismi""einsten polin""(şehire doğru yürümek)ten gelmiş,tarih boyunca değişikliğe uğrayarak istanbul olmuştur",positive
1072126,neo,01.03.2002 13:30,"ankarada yasiyorsaniz gununuzun 8 saatini yolda gecirmenizin tek nedeni.arkadaslarin, asklarin, sarkilarin, anilarin, bagimliliklarin en guzeli.",positive
5705606,lebleb,13.09.2004 02:36,bir araştırmaya göre dünyanın en büyük 23. metropolü,positive
590707,glor,10.08.2001 19:32 ~ 12.07.2005 10:50,"pisliğinden, gürültüsünden, trafiğinden, hava kirliliğinden, insanlarından ve daha akla gelmeyen bir ton boktanlığından sıkıldığım ama bir türlü uzaklaşamayacağım, yerine bir türlü başka bir şehri tercih edemeyeceğim şehirdir.",negative
5313019,rearviewmirror,08.08.2004 01:40,görmeden ölmiim diyeceğiniz şehir benzeri şaheser,positive
5531694,seyuranto,28.08.2004 04:25 ~ 04:27,"an itibariyle uğruna 645 tane entry girilmiş olan, milletin sevmek için bahaneler yarattığı, insan da ""asla sahip olunamayacak pahalı bir fahişeye abayı yakma"" hissi uyandıran, içinde istanbul'lu yaşamayan bir garip şehr-i türk.",negative
11929303,baturalp dincdari,08.12.2007 17:58,sürekli uğuldayan(inleyen) şehir.,negative
8656689,skadi,07.12.2005 16:22,"güneşin battığı saatlerde evimin penceresinden bakıyorum da insanların neden bu şehre aşık olduklarını anlamak hiç zor değil. önce panjurlardan turuncu ışıklar giriyor,salonun duvarını hiç bir palette olmayan bir renge boyuyorlar. öyle bir davete sırt çevirmek mümkün değil, pencereden bakıyorum. puslu bir deniz,uzağa giden gemiler,bazen gri bile parlıyor ya, hakkında kitaplar yazılan bu şehri anlatmanın bir yolu yok. ben de denemiyorum. zaten istanbul asla dinlemiyor,sadece yaşıyor.",positive
6089854,sabian,20.10.2004 15:35,özellikle moda daki yıkık bir ev var çay bahçesinin ilerisinde kalan.oradaki bankata oturup hayaller kurmak ya da sevgilimi beklemek benim için vazgeçilemeyecek şeylerdir.bir de cem sokaktaki kilisenin kapısını çalıp kaçmak.işte istanbul benim için bunları ifade ediyor,positive
7874357,wolfmoon,19.07.2005 12:39,"neredeyse aklınıza gelebilecek her şeyin en güzelini, en iyisini, en ucuzunu, en bilmemnesini vs bulabileceğiniz yer. ama ne yazık ki iyi baharatçı yok! ya da varsa bile ben bilmiyorum. sakın mısır çarşısı demeyin. hem baharatları berbat, hem de saklama koşulları. ha bir de iyi bir kuruyemişçi yok. yani bugün aldığınızda güzel çıkan bir kuruyemişin, bir daha alındığında güzel çıkma garantisi yok. mesela ankara’daki ünal kuruyemiş’in istikrarını sağlamış bir kuruyemişçi olsa çok iyi olurdu. belki biraz tevfik ekmekçioğlu (eminönü’de hamdi et lokantası’nın ilerisinde iki tane şubesi var).",negative
8632692,naranimo,02.12.2005 23:42 ~ 08.12.2005 09:51,"güvenilir bir kaynağa göre, dünyada hakkında en çok şiir yazılmış, en çok resim yapılmış kent.. hakediyor ki yapılıyor, başka söze ne gerek..",positive
5254118,seko,03.08.2004 19:31,4 yıllığına ayrıldıgım ama en geç ayda bi kere kaçamak yaptığım bana 6 saat uzakta olan aşkım.duy beni seviyorum sen hem de eşşekler gibi.özledim seni istanbul,positive
11795655,elifina,26.11.2007 00:18,"kara sevdasina dustugum sehir.

bir sehir ki insanin yalnizligini sessizce paylasir, ruzgariyla tum kotulukleri uzaklastirir. bir sehir ki, endamini izlemek dahi mutluluk verir, gozleri dolu dolu eden bir mutluluk. arsiz bir sevgili gibidir istanbul; dunyanin neresinde olursaniz olun yanina cagirir sizi, rahat birakmaz.

aslolansa istanbul’da yasamak degil, istanbul’u yasamaktir.",positive
11201025,flu in chains,13.09.2007 16:28,içinde yaşayan insanların kin tutmaz günah keçisi.,positive
6912265,hcl,19.02.2005 04:22,"vapurdan martılara simit atmak
ve anlamak bu şehirde insanlar da martılar da ekmek kavgasında",negative
3601313,freak,20.11.2003 13:27,"20 11 2003 tarihli teror saldirilariyla beraber savas alanina donmus, yasanmayacak duruma geldigi bir kez daha anlasilan, terk edilesi, bir daha adim atilmayasi sehir.",negative
10835957,jake,07.05.2007 10:45 ~ 10:46,"lee woo jin, oh dae su'ya ""daha büyük bir hapishanede hayat nasıl?"" gibilerinden birşey söyler;
istanbul, yer yer, mesela bugün ve bu yer, na işte dünyanın en büyük hapishanesidir.",negative
11675069,2046,16.11.2007 14:01 ~ 14:06,"tarih vakfı'nın bünyesinde 3 ayda bir çıkan, editörlüğünü tan morgül ve fırat genç'in üstlendiği dergi. zoraki göç, neoliberalizmin kentsel taaruzu, kentsel dönüşüm gibi aslinda herkesi ilgilendiren, farkına vardırtmadan yapılmaya çalışanlardan kesitler sunmakla kalmıyorlar murat belge eşliğinde istanbul sokaklarını da arşınlıyorlar. ve kendilerini de şöyle anlatıyorlar,

"" manifestist

(...)

istanbul, şehrin kültür haritasındaki yolları takip edenler gibi, bu haritaya yeni yollar çizenlerin, kültür topoğrafyasını değiştirenlerin sözlerine, görüntülerine, sedalarına, düşüncelerine ve hayallerine ev sahipliği yapmayı üstleniyor.

(...)

istanbul, ayaklarını kentin zeminine basıyor. bu yüzden arnavut kaldırımlarda ya da çin granitlerinde yürüdüğü kadar, zayıf asfalt kaplamalarını sular götürmüş mahallelerin çamurlu sokaklarında da dolaşıyor.

istanbul, yüklendiği ağır sorumluluğu tek başına taşımak niyetinde değil, (...) sorumluluğu sırtlamak isteyeceklere, söyleyecek sözü olanlara açılacak bir kanal olmak istiyor.

istanbul, ortak bir emeğin ürünü olarak çıkıyor. başka emeklerle ve zihinlerle temas etmeyi istiyor, davet ediyor. istanbul, istanbul ansiklopedisi'ni, istanbul kent müzesi girişimi'ni ortaya çıkartmış bir sivil toplum örgütünün, tarih vakfı'nın bünyesinde çıkıyor. bu yüzden sivil toplum sözcülerine kapıları da sayfaları da açık.""",positive
6420334,kahveci,03.12.2004 12:12,"isminin 1930dan once ne olduğunu merak ettiğim şehir. birden kimin aklına gelip de istanbul demiş o ayrı konu. oysa nedim ""bu şehri istanbul ki bi misl ü bahadır / bir sengine yekpare acem mülkü fedadır"" demişti. ama ne önemi var bunların, tarihsel süreç de neymiş derseniz o ayrı.

dün constantinapol/constantiniyye bu gün istanbul yarın kimbilir ne olacak. çünkü coğrafya da yaşıyor ölüyor ve yeni isimlerde çocukları olmuyor mu?

istanbula constantinapol demek bilerek veya bilmeyerek gösterilen siyasi bir tavır. konstantinapol ve istanbul birbirinin devamı, aynı toprak parçası üzerinde farklı iki şehir elbette.

""hepimiz bizansın çocuklarıyız"" (jak çirak, 2004).",negative
828641,angel witch,03.12.2001 18:04,"böyle bir $arkı var ama kimin bilmiyorum (bkz: sözlerini de yazayim tam olsun)

bu $ehir rakıyla ya$ar
bu $ehir sigarayı çeker
bu $ehir gündüzü ya$ar
bu $ehir gece yi sever

bu $ehir adamı söver
bu $ehir kadını döver
bu $ehir kanımızı emer
bu $ehir için ölmeye değer
istanbul elinden öper
bu $ehir
bu $ehir
bu $ehir",negative
6082141,mesup,19.10.2004 17:28,yaşadığım şehir...muhteşem ambiyans...tolerans...frekansss...,positive
11340105,pavane,04.11.2007 17:51,şahane bir ezginin günlüğü şarkısı.,positive
1317660,roxane,30.05.2002 13:28,"24 saat bir nabız gibi atan, insanların gelip kaldığı, sevip öldüğü kent. (bkz: bak bak)
bir de şarıl şarıl yağmur yağan şimşekler çakan gecenin bulutsuz ve sıcacık sabahına uyanabileceğiniz denge yoksunu biricik şehir",negative
9030005,queasiness,28.01.2006 10:57,"ilkokul zamanlarında bir çocuğun ilkokul kitaplarına konulan şarkılardan sıkılıp kendini dayısının koskoca kitaplığında kaybetme hikayesinin duraklarından biridir aynı zamanda. oradan aşırılılan kitaplarla, tatil zamanı yatağın içinde sabahlara kadar kitap okuyan bu çocuk, kuşlu böcekli kafiye olsun diye yazılmış hissizsiz şiirlerden daha fazlası olduğunu keşfetmiştir cahit külebi'nin kitaplarında. bu şiir ise o zaman anlamadığı bir duygudur. anlamadığı, tanımadığı bu duyguyu bilmesine yıllar olmasına rağmen şairin bir şeyleri çok güzel anlattığı ve şiir denilen şeyin güzel olduğunu anlayabilecek bir sezgiyle tekrar tekrar satırlarının arasında kaybolmuştur şiirin...

""artık bu şehir başkadır... herkes beni aldattı gitti...artık bu şehir başkadır... içimdeki şarkı bitti..."" yaşar kurt'un da ağzına sağlık, o çocukluk hatırasını ilk gençlik günlerine taşıyıp getirmiştir.",negative
10578414,stream,14.02.2007 15:00,"bir gnome uygulamasi. masaustu oturumlarinizi kaydedebilirsiniz. masaustunde yaptiginiz butun hareketleri video formatinda kaydeder. ayrica adi; liverpool un 5. avrupa kupasini istanbul da almasindan dolayi verilmis.

http://live.gnome.org/istanbul",positive
7822726,atlantis,09.07.2005 16:05,"masumiyetimin katilidir.
(bkz: atlantis/#7455015)",negative
9560410,kal ho naa ho,19.05.2006 04:20,"29 eylul 1918 tarihli ingiliz daily news gazetesinin haberine gore 20 - 21 eylul 1918 gecelerinde ingiliz ve yunan donanmasi tarafindan bombalanmis sehirdir.

bombardimanda haydarpasa gari, donanma binasi ve sehir merkezi (surici) zarar gormus. ayni zamanda yunan ucaklari sehre havadan brosur atmislar.

bir ingiliz ve bir yunan araci vurularak geri donememis.",negative
7514110,leeloominai,16.05.2005 00:19,insanları birbirinden çalan şehir.,negative
9526248,carpe diem,11.05.2006 21:47,"kültürel açıdan ishal bok a benzettiğim dev şehir. fazlaca tüketilip mideyi bozmuş batı kültürü, ve içinde yüzen tam öğütülememiş doğu kültürü tanecikleri..",negative
11048836,ey,19.07.2007 12:32,"bosuna cekilmedi bunca acilar demektir istanbul.
ve aciyi bir padisah asaletiyle yasayip
bir cocuk masumiyetiyle hissetmektir.

yani aslinda, istanbul,
gozyaslarini cebinde biriktirmektir.",negative
9006121,arundati,24.01.2006 23:35,icinden deniz gecen sehir. her gordugum nehir kole si yerlesim biriminden sonra bir kez daha asik oluyorum...,positive
9831435,morkedi,21.07.2006 23:29,"kaşarlanmış orospudur... ne onunla olur, ne onsuz...",negative
10482727,mornehir,17.01.2007 00:48,"""bu şehri nasıl yapmışlar böyle üstüste, ne gökyüzü koymuşlar ne günaydın, ne buldularsa getirmişler dağların ovaların dışında, hele o sabahların akşamların bungunluğu, o eski kışlarda güz öğleleri"" (turgut uyar)",negative
10761692,eticin,16.04.2007 22:21,"bir garip şehir. bugün yine canı sıkkın…var kafasında birşeyler; sorduğumda “yok bişey” diyor ama her halinden belli birşeye bozuk olduğu…yanında yürüyorum ama beni görnüyor adeta, yüzüme bakmıyor, ben de artık anlamaya çalışmamayı öğrendim…ışıklar çoğaldı, gözünü alıyor biliyorum…
kendine has soğuğunda bir yere varma amaçlı olmaktan çok bir şeylerden, daha çok kendimden kaçmaya yönelik yürüyüşlerimde öğrendim ki fazlaca deşelememek gerek…
dün mavisine yakındım...mavinin yakınında çimenliklerde hoş bir koku vardı, gökyüzünün hafif grisi ki kendine has ""sessiz sakin,adeta hafif sarhoş"" güneşli günlerinde gökyüzü klasik güneşli günler gibi mavi değil de grimsi olur ya; o grinin kokusu otlarda gibiydi... zarganaları sevmem, yüzeyden giderler bilirsin, derin su balıklarıysa az bulunur, ve de diplere dalmak risklidir...etraf zargana dolu ve bende dalış takımı yok dedi...
bir ıslık tutturdum; bu tarzı esas oğlanın, ön cilveleşlemeler esnasında, kafasını kullanarak, huzur ve melodi ikilisini, kaygısız bir kisveyle kuvvetlendirerek kızımızın damarına enjekte ettiği filmlerden fırlamış gibi bulsam da, çalmaya devam ederek ellerim cebimde yürüdüm...",negative
7851893,bankoftears,15.07.2005 07:33,burnumda cok fena tuten $ehir. ke$ke hic cekip gitmeseydim dedigim biricik ve tek evim.,negative
5200095,fatuse,30.07.2004 14:05,"hatirliyormusun! diye baslayacagim sayisiz
yokoluslarda siginagim...",negative
9271648,ntldr,15.03.2006 14:00 ~ 14:02,"bunca geçmişine ve büyüklüğüne rağmen, halen daha doğru düzgün bir metro sistemi olmayan, yöneticilerinin trafik sorununu çözecez diye durmadan yol, köprü yaptığı ama tüm bu yollar, köprüler aynı noktalara bağlandığı için hiçbir sonuç alınamayan, içerisinde yaşayan insanların ömrünü trafikte tükettikleri şehir. dünyada bu çapta olup da ulaşımın hala karayoluyla sağlanmaya çalışıldığı başka bir şehir var mıdır merak ediyorum.",negative
3032867,oannes,29.06.2003 01:42,otobüsleri dolmuşlarından çabuk varan şehir. oysa (bkz: ankara) ...,negative
9019196,charles maurice de talleyrand,26.01.2006 18:11 ~ 20:43,kurumuş gözyaşlarım ve bütüm kahrımdır istanbul.,negative
1649391,khaos,03.10.2002 18:56,"yasli bi orospu.. oyle bi bagimlilik yaratir ki, ondan nefret ettiginiz halde ayrilmak size olum gibi gelir..",negative
5952199,kasif,05.10.2004 11:31,"893.483 km² yüz ölçümü olan, 7.195.773 insanı bünyesinde barındıran, hayatın şah damarı! vazgeçilmez kentin ta kendisi...",positive
8042073,sarenalaja,19.08.2005 00:56,"biten bir şarkının nağmesini dinliyorum
en sonunda en sonunda...

hayaller
dünyanın tüm hayalleri doğar ve bütün dünya beslenir
doğduğum istanbuldan
köşeleri ve gölge sokakları istanbulun kokulu
ve bir kadının mendili düşmüş köşebaşında
kokuyor
en temizinden menekşeler
ve en güzelinden aşkları kokuyor
bir kadın yüzünü görmediğim ve elini tutmadığım
buram buram kokuyor
istanbulun içinde

hiç bilmediğim şehirlerin öyküsü içinde
bir adam geliyor karşıdan en temiz traşı ile
en kibar selamını verip geçiyor
bir martı da neşeyle selamlıyor benimle

hiç sormayın
güneş ne zaman doğacak diye
yürüyoruz işte en tenhasında istanbul sokaklarının
ve kokusu yüreğimizde
istanbul hayallerinin
bir istanbul hayali bir akşam üstü
bir alkole yenik düşüyor,
bir de kokusu mendilin
kaybolurken istanbul
bir faninin gözlerinden
geliyor karanlığın kokuşmuşluğu
özürler ağalar
özürler beyler
bir sultanın yatağıydı
en derin tebessümlerin beslediği
güzel güzel nağmelerin salındığı
oldu bir soytarının maskesi
uşakların metresi güzelim istanbul
fahişesi,
orospusu oldu alim, istanbulun avama
bir yatağı bile olmadan
oldu istanbul bir garip
vakti zamanında seviştiği
gariplerden daha garip",negative
8302465,caponsever,03.10.2005 07:14,türkiyenin kuzey batısında diyebileceğimiz bir yerde konuşlanmış yüksek nüfuslu bir şehir. orada büyüdüm ama şimdi orada değilim. bir gün geri dönüp amına koyacağım.,negative
6463564,haslama cay,10.12.2004 02:36 ~ 14.12.2004 05:23,"dpt'nin 2003 yılı verilerine göre; 81 il içinde;

en fazla (10.018.735) nufüs uyla; 1.
en yüksek (% 90,69) şehirleşme oranıyla 1.
en yüksek nüfus yoğunluğu yla (km2 ye 1928 kişi) 1.
yillik ortalama nufus artişi hizinda (binde 33) 3. (birincilik antalya'da)
tarım hariç tüm sektörlerde istihdam sayı ve oranlarında 1. (tarımda sondan 1.)
en yüksek okur yazar oranı yla (%93,39) 1.
en yüksek kadın okur yazar oranıyla (%89,5) 1.
üniversite yi bitirenlerin okul bitirenlere oranında 2. (birincilik ankara'da)
onbin kişiye düşen hekim sayısında (21) 3. (birincilik ankara'da)
onbin kişiye düşen diş hekimi sayısında (5) 2. (birincilik ankara'da)
onbin kişiye düşen eczane sayısında (4) 4. (birincilik bolu'da)
onbin kişiye hastane yatağı sayısında (34) 7.
imalat sanayi işyeri sayısında (3543) 1.
kırsal nüfus başına tarımsal üretim değerinde sondan 1. (birincilik bolu'da)
daire sayısında (3.393.077) 1.
borulu su tesisatı bulunan daire oranında (%98) 17. (birincilik yalova'da)
gsmh içinde payı (%22) 1.
fert başına düşen milli gelir de (2.750 mio tl) 4. (birincilik kocaeli'nde)
toplam banka mevduat i içindeki payı ile (%44) 1.
fert başına gelir ve kurumsal vergi de (258 mio tl) 1.
fert başına genel bütçe gelirleri nde (1.415 mio tl) 2. (birincilik kocaeli'nde)
fert başına kamu yatırımları miktarında (222 mio tl) 30.
fert başına ihracat ta 3.
fert başına ithalat ta 5. (birincilik kocaeli'nde)
yeterli içme suyu götürülen nufüs oranında 78. (birincilik kirklareli'nde)
onbin kişiye düşen ozel otomobil sayısında (1000) 3. (birincilik ankara'da)
onbin kişiye düşen motorlu taşit sayisinda (1.282) 16. (birincilik ankara'da)
fert başina elektirk tüketiminde 12.
fert başina telefon kontür değerinde 1.
yeşil kart li kişi orani (%5) ile sondan 1.

olan ilimiz.

(bkz: çaylaklik sen nelere kadirsin)",positive
4187678,roxane,14.05.2004 23:14,"sokaklarında yanlız başıma yürürken korkmaya başladığım, artık iyice çığrından çıkmaya başlamış şehir.",negative
6682422,winsome,15.01.2005 12:41,nefret etmeme rağmen yinede kopup biyerlere gittiğimde hep aklımda olan şehir.,positive
7978352,standard,07.08.2005 14:06 ~ 15.08.2005 22:33,marc aryan'ın çok güzel bir parçası.,positive
1964957,henry lee,08.12.2002 05:14,(bkz: istos),positive
10213309,404 not found,31.10.2006 13:19,"aşık olunan şehir. adına her gün yani bir şarkı yazılsa doymayan şehir. hep daha fazlasını ister, koca egolu bir kadın, hep ama hep daha fazla yeni aşık ister. o kadar pisliğine o kadar döküklüğüne rağmen hayranlıktır. beni böyle kabul edin der bi yandan diğer yandan da bütün cazibelerini göz önüne koyar. hiç çekinmez aşıklarından, en pespaye hallerini biliriz ama en görkemli havasını da okuruz, dinleriz, bazen nefesimizin kesildiği olur. biliriz ki istanbul kucaklar herkesi; bütün sevenlerini. kucağından dökülenlere dönüp bakmaz bir daha. bilir ki onlar tekrar cazibe büyüsüne kapılacaktır. ölseler de kendisine koşacaklardır.

sahne tozu yutmuş derler ya öyledir istanbul, tarihiyle övünür her daim. güzelliğinin farkında nisbetli yar misali yeni tarihler, hikayeler ister üstüne yakışacak. kimi sevmiş kimi sevmemiş önemli değildir. aşıklarını bulmaya, şarkılardaki gibi hayatlar, aşklar doğurmaya heveslidir her zaman. hiçbir hikayede arkadaki resim olmamıştır. arkada bir sahnedir bir zaman ama kendini hissettiren bir resim gibi mağrur durmayı bilir. ama hep oradadır. ağırdır. burnu havadadır. farkında olmadan hörmetlendirilir, hakeder denir düşünmeden. itiraf edenler kara sevdasını; en kötü anda sığınırlar havasına, kokusuna anaç güzelin. yine açar kucağını.

istanbul deyip iç geçirmek yeter mi şehr-i aşkın koynuna varabilmeye? yağmurunu sevdiğim...",positive
5253524,revo,03.08.2004 18:36,umutlarin caresizlige donustugu sehir.,negative
8389837,tini,18.10.2005 16:46,(bkz: home sweet home),positive
450302,sezyum,11.06.2001 04:14,"zamanında çok sağlam zil markasıydı, bir ara uzun uzun yazmak isterim. şimdilerde istanbul -agop daha güzel gibi.",negative
2461612,uyku,05.03.2003 08:27,hiç uyumayan şehir. size her daim eşlik eder. gecesi bitince maskesini çıkarır.,positive
4106794,cosmic girl,20.04.2004 16:37,"kendisini sevmeyenleri o da sevmez.
karakterlidir, nefes alır, yaşar istanbul her ne kadar sırtına yük bindikçe huysuzlaşan güzel gözlü bir eşeğe benzese de.

onunla ilgili yorum yapmaya bayılır bir sürü insan. yerer, karalarlar çünkü ya kıskanırlar ya da girdabına güçleri dayanmaz da kızarlar. oysa ki herkesin sevmesi gerekmez. zaten hiçbir istanbullu da şehrini sevdirmeye çalışmaz. o zaten, çokça sevgilisi olan yürekyakandır.

hakkında bir kötü söz bile duymaya katlanamadığım, dünya üzerindeki en güzel şehirdir. nesi güzeldir? sıralamak basit kalır, onu hissetmek gerekir.

(bkz: kedi uzanamadigi cigere mundar der)",positive
9070469,dilsuhte,04.02.2006 15:50,http://www.kotuvepis.com/tekkaredeistanbul.html,negative
9447599,indiegirl,24.04.2006 21:19,"""istanbul bana kalabalık içinde bir yalnızlık olduğunu hatırlatır hep. bitip tükenmek bilmeyen bir uğultunun içinde yorgun insan sesleri ve nefesleri hissederim. bana sokaklardan hayatın çekiciliği ve bir boşluk, beyhudelik duygusu geçer hep. hiçbir şeyin bir bütün, tam ve eksiksiz olmayacağını bile bile kendini koyuverme...ele avuca sığmaz bir hareketlilik, kargaşa ve çeşitlilik ile her şeyin, bütün insanların ve eşyaları, dükkanların ve sokakların, hayallerin ve umutların ağır ağır yıpranarak, eskiyerek birbirine benzediğini görmenin verdiği bir bezginlik."" orhan pamuk

uzun süredir istanbulla ilgili düşündüklerimi özetlemiş bişi bu, özellikle de son cümlesi.",negative
5990392,steinway,09.10.2004 00:43,(bkz: buyukada),positive
7891234,medusa5,22.07.2005 02:47,"dünyanın;
bilindik, bilinmedik;
gizli ama da pek açık seçik;
merkezi olan şehir..

roma ile aynı enlemde;
roma gibi yedi tepeli şehir..

roma nın aynaya bakınca gördüğü şehir..",positive
938570,felixia,23.01.2002 20:54,beni oraya bağlayan onca şeye ragmen bi türlü kavuşamadığım şehir...,negative
9565431,feraye,20.05.2006 12:34,"uzun bir aradan sonra benim için tekrar anlam kazanmış şehir. hala bir soğukluğu, yabancılığı var üzerimde. ve evet hala boğuyor bu şehir beni. ama güzel dostlarla karşılaştıktan sonra istanbul bile gidilesi gözümde.",positive
10742953,ayheytmayselfenvanttuday,10.04.2007 13:32,"çarşambadan perşembeye büyük kısmının sularının kesik kalacağı şehr-i çöl..

istanbul'da sular 30 saat kesilecek

ömerli-çamlıca ana isale hattı ve dudullu içme suyu depolarındaki bakım, onarım ve yenileme çalışmaları nedeniyle istanbul'un bazı semtlerine yarın 30 saat süreyle su verilemeyecek.
yapılan açıklamaya göre, 11 nisan çarşamba günü 08.00 ile 12 nisan perşembe günü 14.00 saatleri arasında su alamayacak yerler şunlar: anadolu yakası: kadıköy, üsküdar, kavacık, sarıgazi ve çekmeköy çevresindeki askeri birlikler, samandıra'nın bir kısmı, kozyatağı, küçükbakkalköy, ataşehir, çekmeköy, imes organize sanayi bölgesi, yukarı dudullu, ümraniye'nin bir kısmı, yukarı çamlıca, ferhatpaşa, kayışdağı ve çevresi ile içerenköy bölgesi. avrupa yakası: bakırköy (yeşilyurt ve yeşilköy hariç), zeytinburnu, eminönü, beyoğlu ve beşiktaş ilçeleriyle fatih'in sahil kesimi ve alçak kotları, sarıyer'in sahil kesimi.

kaynak: milliyet",negative
4123981,mylia,25.04.2004 23:46,"baska her yer bize yabanci, biz baska her yerde yabanciyiz.
oyle bir sinmis ki parfumu uzerimize, oyle bir yerlesmis ki icimize.
baska her yer yabanci bize, biz yabanciyiz baska her yerde..",negative
9634677,guru,04.06.2006 01:31,(bkz: istanbul vs ankara/#9584382),negative
6793418,muharrir,02.02.2005 01:13,"bir kadını seversiniz, deli gibi... sizin farkınızda bile değildir. farkına varır sonra... ama canidir ve size köpek muamelesi yapar her fırsatta.

ama biçare seversiniz onu yine de...

istanbul da böyle bir şehir... trafiği, içindeki abuk sabuklukları, altyapısızlığıyla her fırsatta size köpek muamelesi yapar.. ama siz yine de sevmeden edemezsiniz onu. başka bir şehire gideceğiniz zaman daha otobüse bindiğiniz an özlemeye başlarsınız... ahanda budur istanbul.",negative
3666518,spinapubica,09.12.2003 15:58,"national geographic channel'da şu anda yayınlanmakta olan ""mekan bulmak için deli gibi koşturan turist dingiller"" yarışmasının mekanıdır. seyredin.",negative
10761757,lepidodendron,16.04.2007 22:34,kafayı kazan yapma cihazı. dün mecidiyeköy'den topkapı'ya gidene kadar beynim takla attı gürültüden..,negative
8069558,a fragile wreck on a storm of emotions,24.08.2005 01:47,"hayatımda ilk defa ""pardon bakar mısınız"" dediğim birinin benden kaçarak uzaklaştığı şehir... hayır at hırsızı gibi bir tipim de yok...",negative
6082152,mesup,19.10.2004 17:29,bu sabah yağmur var istanbul dizelerindeki muhteşem şehir...,positive
8470320,hotwhoppercheese,02.11.2005 16:42,"geleceğin küçük dubai'si.

(bkz: akp)
(bkz: rte)
(bkz: mimar kadir topbaş)",positive
4106805,soulforge,20.04.2004 16:40,"onunuze bir dunya haritasi acin, en batisiyla en dogusu arasinda bir cizgi cekin simdide en kuzeyiyle en guneyi arasinda bir cizgi cekin ve cizgilerin kesistigi yerin istanbul olduguna tanik olun, dunyanin merkezi derler istanbul icin...",positive
8376066,milanur,16.10.2005 01:45 ~ 01:50,ancak zar atılarak gezilebilecek şehir...,negative
10734263,serol,07.04.2007 05:42 ~ 05:43,(bkz: hayatin soundtracki),positive
1072101,purplehaze,01.03.2002 13:23,"alienation, isolation, chaos ... ama vazgeçilmez, her daim özlenilen, bir parçası olunan kent; yaşanası, hissedilesi kent; bırakılası kent.",positive
1319745,daphne,30.05.2002 23:53,"durduk yerde istist liğe kapılıp şimdi istanbulda olmak vardı anasını satıyım (satayım olucek ya neyse) dediğim, adına en çok şarkı yazılan, kadın diye nitelendirilen şehir. şehir değil gerçekten kadın. bazı yollu, bazı yolları bozuk, bazı yolsuz bi kadın.
sonra aziz istanbul dan hareketle her türlü azizliğine şahit olunmuştur istanbulun..
nasıldı serçem in istanbul şarkısı (istanbul hatırası olanı demiyorum)?

saçlarını dağıtır rüzgar
yedi tepe üzerinden
hatıralar tarihin küllerini savurur
kadın gibi kısrak gibi sarılayım gel ince beline
yarim istanbul, gel öpeyim gerdanından!

çıkı çık..

tüketilmiş yaşanmamış hediyelik hayatlar..
ah bu evler pencereler, bu kapılar sokaklar..
hüzün gibi, sevinç gibi, eskitilmiş zamanlar
yarim istanbul, gel öpeyim gerdanından.. hüleyn..

çıkı çık çık..

minareler uzanmış gökyüzüne bağırır
kara sevda nerelerden yüreğimi çağırır
dua gibi, büyü gibi, ezberledim hasretini
yarim istanbul, gel öpeyim gerdanından.... obaaaa

çık çık çık.. (ulem gönül akkor bölem söylüyor bu şarkıyı, helal olsun)

şimdi eski şarkıcı hatunlardan bahsettik de ""top çiçeğim deste gülüm canım istanbulum"" sözlü şarkı geldi akla. o da şöyleydi ""kasımpaşa kıyıları tersane/...her dem sevdalıya kız mız bahane...../gittim baktım üç tek attım ayak üzeri/"" (bu amnezi insanı öldürür)

daha ne istanbullu şarkılar var? misal kız sen istanbulun neresindensin? önemli olan kız değil, istanbulun sade bir semti. zira o semti sevmek bile bin ömre bedel.. (dün bir audiogalaxy araştırması yaptım, otuzbeş sayfa istanbul şarkısı çıkarttı vatandaş bana cevap olarak. buradan da anlaşılıyor ki, istanbul şarkılarının hepsini yazmaya ne vakit, ne de nakit yeter!)

sonra yılmaz morgül efendinin meşhur ettiği ""bu akşam gidiyorum, sevdiğim istanbuldan"" nihayetli bir şarkı vardı. burhan çaçan efendinin ""neden geldim istanbula?"" şarkısı vardı. son olarak bir de istanbul istanbul olalı adlı şarkıyı anımsayalım. (bkz: öeh diyecek bişeyler kaldı mı)",negative
505378,radicaldeath,04.07.2001 18:19,aşık olduğum tek şehir,positive
9057894,atlantis,02.02.2006 01:37,3.500.000 konut olduğu varsayılan gecekondu kent. konut suz kent.,negative
4167213,yarasa,09.05.2004 00:39,"artık (bkz: hatta uzun süredir) hiçbir güzelliği kalmamış olan, insanın bir parça güneş ile mavi suyuna kandığı pislik yuvası..",negative
3557268,mesepalamutu,08.11.2003 23:59,"yok baska boyle bir yer daha yer yuzunde, acitir icini bu sehir, olmeye deger ugruna.",negative
7116718,dirk pitt,17.03.2005 06:50,dünyanın en güzel kenti ile dünyanın en sahipsiz kentlerinden biri ünvanlarını aynı anda taşıyan mekan.,negative
8851837,fallenstar,03.01.2006 00:31,"(bkz: ruya)
(bkz: kabus)",negative
6273082,karanliktaparlayancakiltasi,11.11.2004 22:55,her bekle geliyorum dediğimde beklemeyen...,negative
1160633,smart,02.04.2002 15:05,"çocukluğum ve gençliğimin geçtiği şehir, ayrılmak zorunda olduğum zaman nasıl da hıçkırıklara boğulmuştum, içimde yanan hasret, tıpkı bir sevgili gibi beni beklediğini düşündüğüm şehrim, oraya ait olduğumu hissettiğim şehir, dün akşam yine rüyamda gördüm boğaz köprüsünden geçerken ağlıyordum, yüreğim eziliyordu lütfen lütfen gitmek zorunda olmayayım bu bir rüya olmalı diyordum rüyamda, uyanınca yine kabus başladı istanbul'suzdum",negative
1260205,yarasa,15.05.2002 16:44,eski deyişiyle şehr-i stanbul,positive
5988628,enlighten,08.10.2004 21:32,"ikli taraftan sehirlerle sarilmis(atasehir, bahcesehir) içinde bolca koy bulunduran(ortakoy, bakirkoy, kadikoy..) sehirimsi yer...",positive
1199554,trenchkot,22.04.2002 00:48 ~ 00:50,they might be giants'in bir $arkisi,positive
6527768,drizzt134,20.12.2004 19:35,"napoleon unda buyurdugu ""if the world were a single state, istanbul would be its rightful capital"" cumlesini dogrulayacak kadar guzel, cennet mekan.",positive
6793482,xeroquark,02.02.2005 01:24,"şehri seveceksin, onu özleyeceksin lakin asla onu anlamaya çalışmayacaksın.. anlamaya kastıkça yok olur gidersin.. en iyisi istiklaliyle, boğazıyla, kadıköyüyle, kısacası istanbul'u istanbul yapan etmenleri sevmek.. bütününe hiç kafa yormamak..",positive
7502624,janisjr,13.05.2005 23:15,kafanizin bir kösesinde hep acaba sorusunu uyandiran sehir.,negative
9063615,foko melik,03.02.2006 07:13,"kişinin''alem''i de''alemi''i de bulabileceği alem bir şehir; bir şehir değil, bir alem.",positive
6176500,nukleer baslikli kiz,30.10.2004 13:59,"istanbul kullanıcıya, iletişim listesindeki hangi diğer kullanıcıların online olduğunu ve hangi kanalla iletişim kurulabileceğini belirtiyor. örneğin, kullanıcı bilgisayarında karşı tarafın anında mesaj hattının veya e-postasının açık olup olmadığı gibi bilgileri görecek. kullanıcı buna göre, arkadaşıyla bu kanallardan biri üzerinden iletişime geçebilecek.
(kaynak: ntvmsnbc)",positive
7373619,roxane,24.04.2005 23:39,bu sehrin girisine üzerinde welcome to the jungle yazan bir tabela yerlestirilmeli.,negative
5872462,atlantis,27.09.2004 21:16,"ponza taşı nı unutan, metroseksüel olmaya uyanan şehir .",negative
25005,lotus,10.08.1999,dunyanin merkezi,positive
5351164,gezz,11.08.2004 09:09,an itibariyle aquapark haline gelmiş bir şehirdir bu. kar yağdığında altlarına naylon torba koyup kayan çocuklara sesleniyorum.. bence şimdi altınıza leğen alıp fulya'dan aşağı kaymanın tam sırasıdır.,positive
1368710,rush,17.06.2002 23:07,"suanda olabılmek ıcın herseyımı verebıleceğim sehir..
ozellıkle jonquil le bir baskadır,istiklal caddesi;hep yasamak istediğim yuksek tavanlı buyuk pencereli oymalı evler,robinson crusoe 389, rio bravoda sarap,pera palasta tango (bkz: birgun kesinlikle yapacam)..nisantası...",positive
9634660,medusa5,04.06.2006 01:26 ~ 01:28,"türkiye yi kendinden ibaret sanan şehir.
olsun biz ona ego suna eyvallah ettik;
yaşıyoruz işte burda, orda, istanbul da
neyse ki biz ego muzu çoktan fark ettik, şimdi o fark etsin isteriz...
alçakgönüllü istanbul daha bir hoş olur, di mi canım istanbulum ...",negative
10371013,pati,15.12.2006 15:00,"elimdeki elin eksikliğini çekmeden, tam, yürüyebildiğim şehir..

insanlarla tanışmayı, konuşmayı, bakışmayı; yaşamayı sevdiğim şehir.
taksi şöförüne geç kaldım dediğimde muzipçe “bırak beklesin azıcık” dediği, “bale, üstelik erkek diil beklettiğim” dediğimde “olsun, beklesinler” diyebildiği şehir.
askerlik anılarını, çocuklarını, bazen aşklarını dinlemek insanların. bu şehir dinlemek, anlatmak olduğu kadar çünkü. bir merhabayla ortaya koydukları hayat hikayelerini dinlemek. bu şehirde hikayeler o kadar çok ki, insanların yanınıza oturup, insanların yürüyüşleriyle, gözleriyle, yüzleriyle, iç çekişleriyle anlattıkları hikayelerinin her biri ve toplamı çünkü bu şehir. insanların sustukları, sakladıkları, kaybettikleri, yaşattıkları, vazgeçtikleri, haykırdıkları aşkları: istanbul.
istanbul, yanıma oturup kendisini boşayan unutamadığı karısını anlatan yabancının gözleri, köprü trafiğinde çocuklarını anlattıktan sonra berbat bir arabesk şarkının sesini açıp “bak bunu dinle çok güzel bu, bana ilk aşkımı hatırlatıyor, ondan sonra kimseyi sevemedim” diyerek beni o berbat şarkıya maruz bırakan –tam 6 defa- taksi şöförünün o şarkıyla sigarasından derin bir nefes çekişi, insanların kıyafetlerine, yüzlerine bakıp da uydurduğum öyküler... sevdiğim şehir..
vapurda yanıma oturup mısır firavunlarından bahseden biri, “maç kaç kaç” ıma sonucu bağıran bir taraftar güruhu... aydınlıkta dönüp duran martılar...
“ya çocuğum yusuf islam olursa” dediğimde “ne içtin sen?” demeyecek denli cümlelerimi yakalayabilen, ezberden dökülen dizeleri tamamlayabilen dostlar.. gece yarısı mavi tezgahını yavaş yavaş sürükleyen bir adamın yanından geçerken kalabalıkta herhangi biri olmak. çiçekçilerin nergis kokması yine yeni yeniden. saat 1de sapsarı bir arı kovanı olması meydanın... ışıl ışıl denize ilk varışım, yokuşu tırmanışım ara sokaklardan...

bu aralar, sokaklarında, bir vakit aşık olacağım kişiyi aramış olduğum gibi, kedimi aradığım şehir. bir köşe başında, sokakta, yol kenarında onunla gözgöze gelişimi aradığım şehir. gece yarıları yokuş yukarılara çıkarken, çöp tenekelerinden saparken, bir yere rastgele otururken, okurken, derin derin nefes alırken zamanında bir “merhaba”yı aradığım, umduğum gibi bir “miyuw“ arıyorum. “merhaba ben geldim” umduğum gibi zamanında aşk için gelmiş birinin bakışlarında, “mır mır murr” arıyorum şimdi sokaklarında.. sardunya saksılarının arasında, apartman köşelerinde, ağaç diplerinde, duvar kenarlarında arıyorum bu kez.
zamanında aşık olacağım kişiyi bulma umuduyla çıktığım gibi sokaklarına şimdi kedimi bulmak için çıkıyorum. zamanında bütün bu masallarda prensesler beklediği için evimde oturup beklediğim gibi evimde oturup kedimi bekliyorum bu sefer. camdan kafasını uzatsın, camı tıklatsın “mır?” desin, alayım içeri, en alt katta oturmanın şansı olsun bu da, önceden upuzun saçlarımla bir rapunzel masalı düşlediğim kulemde diil, işlek bir sokaktaki bir evin en alt hatta bodrum katında cama bakıyorum, aşağıya evine atlayacak bir kediciğin gelmesini bekliyorum. gelmiyor.
elim boş dönüyorm, alışığım ne de olsa diyorum..
zamanında kendimi bulmak için çıktığım sokaklarına kedimi bulmak için çıktığım şehir. çünkü elimdeki elin eksikliğini hissetmeden yürüyebiliyorum.

elimdeki elin dahi eksikliğini hissetmeden yürüyorum sokakları.
öylesine tam olan şehir.",positive
5410242,fandango,16.08.2004 10:14,"türkiye'nin son yıllarda, son 10 yılın ne kadar şiddetli yaşanan felaketi varsa yaşayan ve yaşatan ili. doğa, istanbulluların yıllardır ondan aldıklarını geri almaktadır ve azizliğinden çıkmaktadır.",negative
11991943,superego,14.12.2007 20:49,yaşanmasi gereken bir şehir.yorucu olsa da yaşamaya değer.,positive
11036132,siboreta,15.07.2007 00:49,"benimle alakası yok da, metin üstündağ*ın karikatüründen şöyle bir alıntılıdır kendisi:

adam: seni yenmeye geldim istanbul
istanbul: are you talking to me?
adam: hö?",negative
4585375,serkanch,05.06.2004 03:22,yüzyıllardır şairlerin ilham kaynağı olmuş çok güzel bi yer..benim hayatımın başladığı ve orda bitmesini dilediğim tek yer..herkesin yaşadığı bi yer olabilir ama orası benim için herşeyiyle benim olacak tek yer...,positive
9481423,asfaltina,02.05.2006 15:17 ~ 18:45,"dikiz aynasindan - opusen ciftleri caktirmadan izliyormus edasiyla- deniz ve gokyuzu renklerine bakarken istanbul seni seviyorum dedigim,derken ilk defa boylesi bir cumleyi soylemekten haz aldigim harika ve mutlu hissettigim askin ne oldugunu ogreten,tanriya inanmama ramak kalmasina sebep olan sehirdir, sevgilidir .",positive
8868913,utq,05.01.2006 03:47,"aşağıdaki adreslerde 1920 - 1925 dönemi tramvay haritalarına rastlanabilmekte...

(bkz: http://www.trainsofturkey.com/…s/istanbul_tram3.jpg)
(bkz: http://www.trainsofturkey.com/…/istanbul_tram11.jpg)

şurada da eski bir marmara haritası:

(bkz: http://www.trainsofturkey.com/…antinople_1911_l.jpg)",positive
7510595,as if existed,15.05.2005 13:41 ~ 13:41,"son 24 saat içinde therapy? gibi bir müzik devini, venus williams gibi tenisin en önemli isimleirnden birini ve bu senenin f1 şampiyonluğu için adı en çok geçen isimlerden fernando alanso'yu misafir eden dünyanın en önemli ve güzel şehirlerinden biri.",positive
10314050,argento,28.11.2006 00:53,"joker kelime.
en dandik şiirde veya şarkıda kullanıldığında bile esere gizemli bir hava veriyor.",positive
11083390,mustearen,30.07.2007 12:08,"""iki büyük cihanın birleştiği yerde, türk vatanının ziyneti, türk tarihinin serveti, türk milletinin göz bebeği istenbul, bütün vatandaşların kalbinde yeri olan bir şehirdir."" kemal atatürk",positive
8298718,kfc,02.10.2005 16:53,"istanbul'dan cok uzaklarda istanbul'a hasret yasayanlara tavsiye bir yasar kurt parcasi. sözleri su sekilde:

istanbul, seninle yasadim yüzyillar boyu..
beyaz elbiseni çok sevdim, esmer tenini
güzel saçlarin vardi, hiç dokunmadim
aslinda ben seni, su perisi sanmistim istanbul.

vahsi sokaklarin hep kavga, dövüs
bir de neden hep gecesin ah istanbul!",negative
1731132,catch22,02.11.2002 05:10 ~ 15.01.2003 23:03,"salacak'ta kiz kulesi esliginde gunes batimini seyreder, sonra bogaz da bir balik lokantasinda raki nin dibine vurup bu sehre bir kez daha asik olursun.biraz iclenir, kederlenir, hayallere dalarsin.haftasonlari bagdat caddesi'ne alisveris amacli gitmekten kacinir, son trendleri gormek icin ugrayabilirsin.bakarsin ki butun insanlar fabrikasyon olmus.biraz daralip kendini caddebostan sahile atarsin.denize karsi kahve icmek her zaman iyi gelir.sonraaa ayda bir nevizade'de demlenip beyoglu sokaklarini ar$inlarsin.kafana gore babylon, yaga, cinaralti ... artik ne gelirse... ortakoy'de pazar sabahi gozlemeyle kahvalti yapip, bebek kahvede yer bulabilirsen!!! cay icersin.moda'da ali usta'dan dondurma, baylan'da kup griye yemeden yaz aylari bitmez.alisveris icin parana ve de moduna gore akmerkez trafigini ya da sali pazari kalabaligini cekebilirsin.haftasonlari adalar a piknige gidip, haftaicleri okul/is cikislarinda bilimum mekanlardaki bilimum kafelerde birseyler atistirip, icebilirsin.aksamlari keyifli bir sekilde sinemaya gidebilir ya da butun meyhanelerini dolasabilirsin istanbul'umun.arada soylenir durursun: ""bu ne trafik, bu ne pahalilik, bu ne rezalet"" diye. iett otobusu bozulabilir, iki damla yagmurla butun caddeler dereye donusebilir, trafik o an intihara cok yakindir.kadikoy-kartal minibuslerinden sagsaglim indiginde sen yasama ayri bir bagla baglanmissindir artik.ama, (burada yazar yutkunur) ama olay $udur:sen bu sehre a$iksindir!gun gelip cekip gitsen bile onun ozlemi yakani birakmaz, baska diyarlarda da hayatini zindan eder bu ozlem.simdi istanbul'da olmak vardi anasini satayim der durursun.gun sayarsin, istanbul resimleri odanin duvarini susler.cunku sen bu sehre a$iksindir!hayatindaki hersey bu sehirde anlam bulur.sen bu sehirde anlam bulursun...aglarsin aglarsin aglarsin.kelimeler biter, sozler anlamsiz kalir, kalem duser, bir damla gozyasi mektubunun pulu olur...bu hikaye boyle gider...ah ah...",positive
9609060,winsome,29.05.2006 16:59,(bkz: istanbul dan gitmek) (bkz: lazım),negative
7424326,prencesa,02.05.2005 20:57,en bi cok nisandan temmuza ozlenen sehir... filmden caza yani... sonra guney ozlenir...,positive
4786618,dilemma of subscribtionability,21.06.2004 14:23 ~ 15.07.2022 05:58,"en son malatya'ya döneceğim zaman daha uçak havalanır havalanmaz tepeden görmemle özlemeye başladığım aşkım...
13 yıl sonra edit: kendisiyle on üç senedir evliyiz ve zaman zaman beni bunaltır. bazan çoğu zaman. aldatasım var...
2022 editi: nefret ettiğim şehir. etimle kemiğimle nefret ettiğim şehir...",negative
8933827,purp,15.01.2006 01:05,"aslında şehrin ismi hiçbir zaman konstantinniye falan olmamıştır. istanbul kelimesinin de kökeni tam olarak constantinopolis'dir. şöyle ki:
bizanslılar da zaten şehre uzun uzun hitap etmek yerine kısaca ""konstanpoli"", hatta ""stanboli"" derler imiş.
bu ""stanboli""; istanbulun bizans elindeki son dönemlerinde de şehre hakim olmuş, türkler şehre girdiklerinden bugüne kadar da şehre sırasıyla ""istambol"", ""ıstanbul"" ve ""istanbul"" demişler, sanılanın aksine hiç konstantin ile ilgili bir kelime kullanmamışlardır.

(kaynak: cumhuriyet gazetesi yayınları - istanbul fasikülleri)",positive
6377952,pidzameta,27.11.2004 11:59,"siir, sarkı, kitap, resim... hersey. sıgınagım...",positive
3274930,tarator,29.08.2003 22:02,thy nin tc-jpj cagri kodlu airbus 340 tipi yolcu ucagi.,positive
10327167,pastoral senfoni,01.12.2006 16:10,biseksuel şehir,positive
1181621,latife,12.04.2002 23:48,yağmur suz ve aşk sız düşünemediğim hüzünler şehri...,negative
7070358,would be clown,09.03.2005 22:41 ~ 23:02,"en kalabalik yerinde (bkz: mecidiyeköy), en kalabalık saatte akli dengesi yerinde olmayan birinin (bkz: deli) trafik ısıklarının hemen altında trafigi yönettiği, arabaların ve yayaların ısıkları takip etmek yerine esas oglan yol verince devam ettikleri, dur isareti yapınca durdukları, ısıkların karsı tarafında duran trafik ekibinin ise ""deli filan ama ne güzel yönetiyo be adam trafigi seklinde"" takdir dolu bakıslarla fahri meslektaslarını bütün ciddiyetleriyle izledikleri artık sürreal kavramının yalnızca resmi belgelerde kullanılabilmasi gereken, hepten cizmiş şehir..",negative
7971648,duzcean dragon,05.08.2005 19:53 ~ 19:57,"bin bir parçaya şehir. her semt ayrı bir devlet ve bu devletlerin beherinin yönetim biçimi farklı.değişik toplulukların efratının kendi bölgeleri dışına sadece iş amaçlı çıkmasına izin var. fatih şeriatla yönetiliyor, istiklal caddesi ve sultanahmet tarafsız bölgeler, zeytinburnu, ümraniye ve diğer bir çok gecekondu bölgesine oligarşi hakim. bakırköy, bazı yerlerde demokrasi hakim olsa da, kendini oligarşi ve şeriattan kurtarma mücadelesi veriyor. dolapdere, tarlabaşı ve kasımpaşa ise anarşi ile mi yoksa oraları da oligarşik mi onu daha çözemedim.

bu semtlerimize polis giremiyor. gerçi onları suçlamıyorum, ben olsam bende girmem.

zannımca buraları da oligarşik. deniz kıyısında bulunan çoğu semtimiz gördüğünüz gibi demokrasiye yakın,liberal. buna rağmen denizle ilişiği olmayan bölgeler demokratik olmayan rejimlerle yönetiliyorlar. bunda bölgede ki nüfusun eğitim düzeyinin de etkisi var tabii ki. fakat nüfusun yoğun olduğu bölgelerde toplumsal/siyasi yapıda bir homojenlikten bahsedilememektedir. işte şehrin bu yapısına dayanarak diyebiliriz ki; bir iç çamaşırı dükkanı sahibi eğer dükkanı fatihteyse müstehcen afişler açamaz, bir başörtülü bayan ise taksimde ki konserlere alınmaz. elbiseleri kirli, yırtık pırtık bir genç ""demokratik"" semtlerde dolaşmaya kalkarsa polis onu durdurmakta ve sorular sormakta haklıdır.

şimdi bu bilgiler/olaylar ışığında, bu eşsiz kentin artık türkiye'nin bir maketi olduğunu iddia etsem kimse çıkıpta hayır diyemez.

ayrıca; (bkz: rio de janeiro)

eğer daha cins olaylarla karşılaşmazsam artık istanbul'un tarihiyle, güzellikleriyle ilgili yazılar yazmayı düşünüyorum.",negative
9289215,tirtillarkelebekolur,19.03.2006 00:32,"bir tutam istanbul, üstelik tek karede..
http://img475.imageshack.us/…anbul0ls.swf&width=800",positive
3985320,cybill,18.03.2004 13:41 ~ 13:43,"ne onunla beraber, nede onsuz ya$ayabileceğiniz $ehir.",negative
6053112,nonavailable,16.10.2004 08:35,"ayrı kalındığında istanbul'daki arkadaşlar tarafından'baba şu anda napıyoruz bilio musun? taksim'de içiyoruz ehuehu' telefonlarının geldiği şehir. özledim, özlüyorum, özleyeceğim...",negative
10016005,ranini,08.09.2006 02:43,"iştahla esen rüzgara rağmen hâlâ cıvıl cıvıl sokakları. üstelik vakit, gece yarısı... ee, n'olmuş yani? istanbul sokakları, kronik insomnia vakası!",positive
8759326,ranable,21.12.2005 20:57,"..
ömrüm oldukça gönül tahtıma keyfince kurul,
sade bir semtini sevmek bile bir ömre değer..
..",positive
7828511,yoda,11.07.2005 11:45,dunyanin yasamasi en masrafli 14. kenti. new york'un 100 olarak baz alindigi listede sehirler aleminin krali yine tokyo oldu.,negative
3748638,elinherifi,02.01.2004 19:47,"toplamda üç semtinden başkasını gezmemiş, kenar mahallelerine uğramamış, atelyelerine girip çıkmamış, merkezi yerlerini gezerken sadece en geniş caddelerini seçip arka sokaklara ""ne var bakalım buralarda"" diye dalmamış, hakkındaki yazılı eserleri okuyup onun gazına gelmiş insanların, hakkında yüzlerce kitap-makale yazdığı, tarihin başkenti..
dünya üzerinde çok az kent, onun kadar coğrafi bileşen içerir. gölü vardır, deresi vardır, adası vardır, ormanı vardır, boğazı vardır, körfezi vardır, dağı vardır, tepesi vardır..ne hissetmek isterseniz ona göre gidilecek yeri, alınacak nefesi vardır. kendinizi patron hissetmek isterseniz mecidiyeköy'e, zengin hissetmek isterseniz etiler, nişantaşı, şişli'ye, esnaf hissetmek isterseniz eminönü'ne, genç hissetmek isterseniz beyoğlu'na, fakir hissetmek isterseniz bağcılar-esenler taraflarına, şair hissetmek isterseniz arnavutköy'de deniz kıyısına, tatilde hissetmek isterseniz adalar'a, orospu hissetmek isterseniz e-5 kenarına, müslüman hissetmek isterseniz fatih'e, turist hissetmek isterseniz sultanahmet'e gidersiniz.. koskocaman gibi gelir ama yürüyerek her tarafını gezebilirsiniz. aşık olacağınız sokaklar da vardır, küfredeceğiniz de..güzel kızları da vardır, rezilleri de..ayısı da vardır, beyefendisi de.. dünyanın en güçlü şehridir. siz yıkmaya, yoketmeye çalışsanız bile o yine başka bir güçle çıkar karşınıza..",positive
10977933,wilwarin,24.06.2007 15:14,yirmi milyon kişilik dev sauna.,negative
8291901,stocky2001,01.10.2005 10:27,biraz sabır ile 10 sene sonra dünyanın başkenti olmaya aday bir şehir. ama her yeni gelen eskisinin yaptıklarını bozarsa o aman her halde dünyanın b.k deligi olmaya aday şehir olur.,negative
6793477,hope,02.02.2005 01:21,"bir hafta bile ayrı kalınsa deli gibi özlenen yer, memleket .",positive
10580609,bizans,15.02.2007 10:59,70 tepeli hürmüz.,negative
11636950,kaptan kusto,14.11.2007 01:05,"herhangi bir ülkenin herhangi bir sehrine gittiğinizde, hepsi yalan asıl olan istanbul' dur dedirten cazibeli şehir.
(bkz: gerçek aşk)",positive
7446555,crom,05.05.2005 19:37,"kralların şehri kudüs, şehirlerin kralı istanbul",positive
6792517,bluesome,01.02.2005 22:40,"denize yoldaş izbe bir köşende, boğaza nazır makyajı bol bir kıyında, vapurda yenen kuru simidinde hep aynı tadi bırakan yer.",positive
7934505,neriman koksal,29.07.2005 19:35 ~ 23:08,"içinde doğmuş olmanın, burada yaşıyor olmanın verdiği alışkanlığın, suya yakın heryerinden (bkz: boğaz) (bkz: haliç) manzaranın büyüleyici olmasının bile nefret etmeme engel olamadığı şehir. sokakları her daim kalabalık, insanlar kaba ve pis, trafik hep sıkışık, yollar tozlu. şöyle çıkıp rahat rahat yürümek imkansızdır; köyünde karısını, beş çocuğunu bırakıp gelmiş aç adamların tacizleri, kapkaççılar, yankesiciler, korku. kalabalık biyerde otururken - ki kalabalık olmayan biryeri yok- insanı bunalıma sürükleyen paranoya (bkz: onun çantası niye o kadar büyük) (bkz: bomba mı var acaba içinde) . sokakta birşey yemek işkence; kucak dolusu para döküp karşılığında sıcak plastik yemek, minicik porsiyonlarda getirilen ne olduğu belirsiz pis yiyecekler. insanlar üç kağıtçı, benmerkezci, kötü niyetli. fakir semtlerinde köşe başlarını mesken tutan işsiz güçsüz beş parasız mafyoz bozuntusu yeniyetmeler, zengin semtlerde gözünü vitrinlerden alamayan işsiz güçsüz paralı kokonolar. büyük plaza semtlerinde karın tokluğuna çalıştırılan, hiçbir hakları tanınmayan, büyük bir bütünün küçük parçası olma düşüyle sarhoş, maaşını giyim kuşama yatıran, yarı aç insanlar, yoksul emeklilik adayları. sokakları yazın erimiş plastik, kışın buz tutmuş çamur gibi insanın ayağına dolanan, hadi gel köyümüze dönelim lan diyecek bir köyü bile olmayan umutsuz bir nesli barındıran şehir. içinden fare boku çıkan, bayat, dandik pasta..",negative
6341251,ill balanced,22.11.2004 13:32,pamela`nın yeni albümünün ilk klip şarkısı. şarkının klibindeki genç delikanlı ise bizzat erkek kardeşi olur.,positive
7891210,medusa5,22.07.2005 02:40,"pers lerin dersaadet i
yani''gerçek mutluluğa açılan kapı''

grek lerin teofilaktos u
yani''tanrının koruduğu şehir''

romalı ların nuova roma sı
yani''yeni roma''

araplar ın farrouk u
yani''iki kıtayı ayıran şehir''

osmanlı ların ummti-dünya sı
yani'' dünyanın annesi''

1923 den beri türkiye cumhuriyetinin sadece''istanbul'' dediği
yani
şehir
hiçbir yer ile karşılaştırmanın mümkün olmadığı..

işte böyle bir toprak üzerinde nefes alır; şanslı istanbul şehirlisi ya da istanbul konuğu olan..",positive
11499010,lastconqueror,07.11.2007 21:51,ilk kez 21 yaşında ayak bastığım ve bir izmirli olarak güzellğiyle büyülendiğim ve iyi ki bu şehir bizim dediğim harika şehir.,positive
2271042,margot,30.01.2003 13:25,"tutkularımın,hayallerimin hayat bulduğu, yapmam dediğin ne varsa yaptıran,kendine uyduran,bastan cıkartan tapılası sehir",positive
6041620,euhemuhu,14.10.2004 22:54,"""insanlık tarihinde en çok rol oynamış iki kıtanın mirazı üzerinde, efsanevi boğazı, yükselen camileri, sarayları, doğu için batı uygarlığının, batı için doğunun mistik gizeminin başladığı yer olma özelliği ile hayalleri ve rüyaları süsleyen eskinin tılsımlı mekanı""",positive
8442003,rumpelstiltskin,28.10.2005 03:37,cahil gavurlar arasında halen türkiyenin başkenti sayılan garip şehir,negative
3673037,tatei matinyeri,11.12.2003 03:09,"(bkz: istanpus)
ayın en çok yakıştığı masalsılık.",positive
9389106,pati,10.04.2006 16:37,"lalelerle daha da güzelleşmiş biricik şehir. rengarenk lalelerin ve tepelerini kar yağmışcasına beyazlatmış papatyaların yerini erguvanlar alacak boydan boya. rengarenkliği ve beyazlığı eflatuna dönecek. sonra sarı kır çiçekleri kaplarken tepeleri papatya beyazlığından sonra gelinciklerle kırmızı olacak... kısacık bir zamanda o kadar çok renk yaşatacak ki içinde yaşayabilenlere... kendisinden kopartılanlar anılarıyla yetinecekler soluk renklerin.. sırasını bilmelerine, bütün kış hayal etmiş olmalarına rağmen üstelik...
içinde lale bahçeleri, papatya tarlaları, kır çiçekleri, erguvan ağaçları, gelincik tarlaları parıldayan şehir. içinde bütün renkleri pırıl pırıl barındıran şehir...baharın en çok yakıştığı şehir.. her giydiğini kendine yakıştıran şehir...",positive
10421037,bibidibabidibuu,30.12.2006 12:05,belki cok iddaalı olacak ama; sevdiğiniz baska diyarlardayken katlanılması pek de kolay omayan sehir..,negative
8103422,polyethylene,29.08.2005 21:20,"şehrim. nefes alabildiğim, huzur bulabildiğim tek yer...

bugünkü sabah gazetesinde ilker sarıer'in istanbul'a dair bir hikayesi vardı. benim çok hoşuma gitti. buraya da aynen yapıştırıyorum.

petrol şeyhinin biri, üniversitede okuması için oğlunu istanbul'a gönderir. çocuk ilk devreyi başarıyla bitirdikten sonra notlar değişmeye ve çocuk hafiften serserileşmeye başlar. işin kötüsü, memleketten çocuğa gönderilen avuç dolusu paralar da artık yetmemektedir! şeyhimiz oğlunu kontrol etmek için adamlarından birini istanbul'a gönderir. adam istanbul'a gelince bir de ne görsün? şeyhin okusun diye gönderdiği oğul okulu bırakmış, kendini karıya kıza vurmuştur. uzun aramalardan sonra delikanlı boğaz kenarında salaş bir meyhanede bulunur.

""ya seydi, bu ne kepazeliktir! baban seni merak eder! kalk hemen gidiyoruz arabistan'a!""

çocuk:
"" ayva seydi"" der, ""ama önce bir otur da şu manzaraya bir bak...""

şeyhin adamı ""bunda ne kötülük olabilir ki"" diye düşünür ve masaya oturur. sandalcılar çaparilerini sallamakta, arkadaki tepelerin ardında batan kızıl güneş, boğaz'ı tonlarına renkten renge boyamaktadır.

arap, manzarayı seyrederken, garsonun getirdiği kavundan bir tane ağzına atar. ardından peynirin de tadına bakılır. eh eşek değiliz ya, şu aslan sütü denen meretin de bir tadına bakalım derken orada ipler kopar. şeyhin oğlu ve boğaz tarafından ayartılan adam, yorgun ve akşamdan kalma bir sesle, 15 gün sonra, efendisini arar:

""ya seydi, veled mazbut, velakin memleket puşt!""",positive
8759518,stablamate,21.12.2005 21:27,"en depresyonik durumda olduğunda ve bundan kurtulmak için çırpındığında, kendini kötü hissettiğin de, bir şeyleri yoluna koyamadığında, umut filizlerinin tek tek yokolduğu bu dünyada ciğerlerini son ama güzel bir nefesle doldurmak istediğinde; haydarpaşa'da inip, martıları yemleyip, esen rüzgarı arkana alıp, çayla içini ve ellerini ısıttığında ve şöyle bir etrafına baktığında, o denizin kokusunu içine çektiğinde, toprağını hücrelerine iliştirdiğinde işte ben varım, işte istanbul diyip rahatlayabileceğin sorununu derdini unuttuğun dünyanın en güzel, en çeşit şehiri, güzidesi.",positive
7544718,feraye,20.05.2005 17:10,"ankara'nin en ücra köşesine bile değişmeyeceğim şehir. bana ait olmayan, soğuk, yabancı..",negative
11629167,test kitabi,13.11.2007 18:58,her sabah küfretmenize sebep bir trafiğe her akşam keyiflenmenize sebep bir kokuya sahiptir ve hakikaten istisnadır.,negative
9794605,ranable,12.07.2006 18:01,"ah istanbul
sen de beni unutmussun
adim cikmis hatirindan
istanbul istanbul istanbul

...

istanbul yüzüme ah bi bak
istanbul yüzüme ah bi bak
bi bak ne olur
anla beni
anla, anla, anlat bana da

...

(bkz: peyk)",negative
8322072,breath,06.10.2005 12:11,"340 ayri noktasinda sert darbelerle yuzeyi zedelenen $ekli degi$tirilen $u guzelim kent viruslerin saldirisina direnen bir sistem gibi geldi birden. virusler ilerledikce sistem agirla$iyo, ayakta kalma suresi kisaliyo gibi.",negative
9553077,trenchkot,17.05.2006 17:56 ~ 18.05.2006 18:57,"edindiğim genel izlenim üzerine, tahminimce peyzaj ve bölge planlamasını tim burton yapmıştır bu şehrin.",negative
9634704,nuitari,04.06.2006 01:40,denizi olmasa mukemmel olabilecek sehir.,negative
2421089,ozzyy mclaren,25.02.2003 18:25,"yasamaya baslayınca ulan bu mu ıstanbul dedıyım.her gun bın kufur ettıgım, hala burada yasamama umıtlerım olan abuk sehır. bıseyler olacakmıs ama olamamıs, gelısmemıslıgın abıdesı. eskıden guzelmıs sanırım ama.",negative
6599422,gurubvakti,02.01.2005 23:48,"benim baskentim..
""biliyorsun ben hangi sehirdeysem, yalnizligin baskenti orasi"" - cemal sureya/gocebe",negative
10125105,colg fusion,07.10.2006 00:00,"her bayram/özel gün vesaire olduğu zaman vatan caddesi kapatılarak zaten sikik olan trafiğinin amına koyulan şehir. lan anlamıyorum ben hangi mantıkla şehrin tam ortasındaki en büyük caddesini kapatıyorsun be mnakoyim? her milli bayramda aynı bok. vatan caddesi'ni tamamen kapatıyorlar bi' de. be mnakoyim istoç'un oradan trafik başlıyor. sonra yarım saatlik yol 4 saatte alınınca ben küfretmez miyim bayrama da ağzıma gelene de? sanki stad kalmadı istanbul'da, boş alan kalmadı. yok anam illa vatan caddesi boydan boya kapatılacak, trafiğin amına koyulacak. insanlar işinden gücünden edilecek. insanların ""bugün yine bayram mı tüh be!"" denmeleri sağlanacak. sanki süper bir karayolu sistemi var da cesaret ediyorsunuz o caddeyi kapamaya. her şey tamam da bugün yollarda sürünen insanlardan yediğiniz küfürleri nasıl hazmediyorsunuz onu anlamıyorum ben.",negative
2141505,cosmic girl,06.01.2003 13:04 ~ 13:06,"başka herhangi bir şehirle karşılaştırılması abesle iştigal olacak şehir.
benzeri olmayan, olamayan ve olması gerekmeyen biricik kıta bağı (bkz: asya ve avrupayı birbirine bağlayan şehir) .
ayrıca, kıskanılan ama kıskanıldığı itiraf edilemeyen şehir.",positive
5250101,libade,03.08.2004 15:00,uğruna sevdiğim insanları bile kaybetmeyi göze aldığım ama bırakıp gidemediğim sihirli şehir...,positive
10639835,the quickest girl in the frying pan,06.03.2007 19:58,"paylaşılan, paylaşıldıkça güzelleşen şehir. yağmur, kar, rüzgar hepsi bu şehirle anlam kazanır.",positive
